zip,facility_id,cap_existing_total,cap_existing_u5,expand_slots,expand_u5_slots,triggered_baseline
10001,fac_10001,609,0,121,121,0
10002,fac_10002,4729,18,500,500,0
10003,fac_10003,1995,0,399,399,0
10004,fac_10004,263,0,52,52,0
10005,fac_10005,39,0,7,7,0
10006,fac_10006,156,14,31,31,0
10007,fac_10007,284,0,56,56,0
10009,fac_10009,1784,18,356,354,0
10010,fac_10010,234,0,46,0,0
10011,fac_10011,1956,42,391,391,0
10012,fac_10012,24,0,4,4,0
10013,fac_10013,435,0,87,87,0
10014,fac_10014,1711,71,342,342,0
10016,fac_10016,823,0,164,164,0
10017,fac_10017,107,0,21,0,0
10019,fac_10019,591,0,118,118,0
10021,fac_10021,460,0,92,92,0
10022,fac_10022,16,0,3,3,0
10023,fac_10023,1099,0,219,219,0
10024,fac_10024,1243,15,248,248,0
10025,fac_10025,2553,91,500,500,0
10026,fac_10026,1706,18,341,341,0
10027,fac_10027,3758,0,500,500,0
10028,fac_10028,348,36,69,69,0
10029,fac_10029,3358,0,500,500,0
10030,fac_10030,1272,0,254,254,0
10031,fac_10031,1577,0,315,315,0
10032,fac_10032,3222,0,500,500,0
10033,fac_10033,2893,0,500,500,0
10034,fac_10034,3126,0,500,500,0
10035,fac_10035,2075,0,415,415,0
10036,fac_10036,686,0,137,135,0
10037,fac_10037,586,21,117,117,0
10038,fac_10038,802,20,160,160,0
10039,fac_10039,1423,0,284,284,0
10040,fac_10040,2594,0,500,500,0
10044,fac_10044,489,0,97,97,0
10065,fac_10065,845,40,169,169,0
10069,fac_10069,16,0,3,3,0
10075,fac_10075,235,0,47,47,0
10128,fac_10128,301,0,60,60,0
10280,fac_10280,509,0,101,101,0
10282,fac_10282,279,0,55,55,0
10301,fac_10301,1905,10,381,379,0
10302,fac_10302,744,0,148,148,0
10303,fac_10303,1629,0,325,325,0
10304,fac_10304,2020,41,404,404,0
10305,fac_10305,786,0,157,157,0
10306,fac_10306,578,0,115,115,0
10307,fac_10307,259,0,51,51,0
10308,fac_10308,447,0,89,89,0
10309,fac_10309,297,0,59,59,0
10310,fac_10310,1168,0,233,233,0
10312,fac_10312,1140,8,228,228,0
10314,fac_10314,1654,0,330,330,0
10451,fac_10451,3287,0,500,500,0
10452,fac_10452,7000,0,500,500,0
10453,fac_10453,6841,0,500,500,0
10454,fac_10454,3163,0,500,500,0
10455,fac_10455,3035,0,500,500,0
10456,fac_10456,7286,0,500,500,0
10457,fac_10457,6559,0,500,500,0
10458,fac_10458,4657,0,500,500,0
10459,fac_10459,4018,0,500,500,0
10460,fac_10460,4820,0,500,500,0
10461,fac_10461,1462,0,292,292,0
10462,fac_10462,3425,0,500,500,0
10463,fac_10463,4249,0,500,498,0
10464,fac_10464,114,0,22,22,0
10465,fac_10465,1888,0,377,377,0
10466,fac_10466,3192,0,500,500,0
10467,fac_10467,6220,0,500,500,0
10468,fac_10468,4308,0,500,500,0
10469,fac_10469,2315,0,463,463,0
10470,fac_10470,632,0,126,126,0
10471,fac_10471,284,0,56,56,0
10472,fac_10472,3593,0,500,500,0
10473,fac_10473,3548,0,500,500,0
10474,fac_10474,1194,0,238,238,0
10475,fac_10475,1808,0,361,361,0
10502,fac_10502,273,0,54,54,0
10504,fac_10504,706,547,141,0,0
10506,fac_10506,80,0,16,16,0
10507,fac_10507,220,151,44,44,0
10509,fac_10509,1015,793,203,0,0
10510,fac_10510,704,378,140,0,0
10511,fac_10511,72,0,14,14,0
10512,fac_10512,230,126,46,46,0
10514,fac_10514,585,424,117,64,0
10516,fac_10516,163,147,32,32,0
10520,fac_10520,847,544,169,0,0
10522,fac_10522,581,444,116,0,0
10523,fac_10523,733,407,146,49,0
10524,fac_10524,16,0,3,3,0
10527,fac_10527,64,64,12,0,0
10528,fac_10528,690,483,138,41,0
10530,fac_10530,405,162,81,81,0
10532,fac_10532,381,171,76,22,0
10533,fac_10533,157,88,31,31,0
10535,fac_10535,100,0,20,5,0
10536,fac_10536,315,236,63,0,0
10538,fac_10538,455,372,91,91,0
10541,fac_10541,958,588,191,191,0
10543,fac_10543,867,400,173,173,0
10547,fac_10547,817,497,163,0,0
10548,fac_10548,121,61,24,0,0
10549,fac_10549,734,584,146,146,0
10550,fac_10550,1162,304,232,230,0
10552,fac_10552,596,172,119,119,0
10553,fac_10553,156,0,31,31,0
10560,fac_10560,129,0,25,25,0
10562,fac_10562,1737,573,347,345,0
10566,fac_10566,862,380,172,172,0
10567,fac_10567,303,173,60,0,0
10570,fac_10570,316,139,63,63,0
10573,fac_10573,1573,501,314,314,0
10576,fac_10576,40,0,8,8,0
10577,fac_10577,365,336,73,0,0
10579,fac_10579,310,78,62,55,0
10580,fac_10580,410,258,82,0,0
10583,fac_10583,1776,1349,355,105,0
10588,fac_10588,41,0,8,8,0
10589,fac_10589,210,59,42,42,0
10590,fac_10590,245,163,49,49,0
10591,fac_10591,1667,696,333,214,0
10594,fac_10594,32,0,6,6,0
10595,fac_10595,740,605,148,0,0
10598,fac_10598,1592,1049,318,0,0
10601,fac_10601,284,229,56,0,0
10603,fac_10603,338,58,67,67,0
10604,fac_10604,727,426,145,46,0
10605,fac_10605,2123,1454,424,0,0
10606,fac_10606,923,548,184,80,0
10607,fac_10607,345,206,69,17,0
10701,fac_10701,2656,829,500,500,0
10703,fac_10703,983,165,196,194,0
10704,fac_10704,620,38,124,124,0
10705,fac_10705,1750,281,350,350,0
10706,fac_10706,630,322,126,0,0
10707,fac_10707,357,284,71,0,0
10708,fac_10708,193,93,38,38,0
10709,fac_10709,437,37,87,87,0
10710,fac_10710,757,0,151,151,0
10801,fac_10801,2388,522,477,477,0
10803,fac_10803,660,559,132,0,0
10804,fac_10804,1215,650,243,0,0
10805,fac_10805,238,103,47,47,0
10901,fac_10901,973,309,194,194,0
10913,fac_10913,363,175,72,0,0
10916,fac_10916,8,0,1,0,0
10917,fac_10917,175,43,35,0,0
10918,fac_10918,166,90,33,33,0
10919,fac_10919,100,0,20,16,0
10920,fac_10920,462,277,92,0,0
10921,fac_10921,182,125,36,23,0
10923,fac_10923,171,99,34,34,0
10924,fac_10924,435,339,87,87,0
10925,fac_10925,69,0,13,13,0
10926,fac_10926,40,0,8,0,0
10927,fac_10927,619,280,123,123,0
10928,fac_10928,101,0,20,0,0
10930,fac_10930,92,58,18,0,0
10940,fac_10940,1566,795,313,313,0
10941,fac_10941,723,464,144,0,0
10950,fac_10950,713,479,142,142,0
10952,fac_10952,581,123,116,116,0
10954,fac_10954,952,131,190,190,0
10956,fac_10956,1649,818,329,262,0
10960,fac_10960,460,288,92,74,0
10962,fac_10962,16,0,3,0,0
10963,fac_10963,124,44,24,0,0
10964,fac_10964,135,111,27,0,0
10965,fac_10965,615,374,123,123,0
10968,fac_10968,173,173,34,0,0
10970,fac_10970,201,105,40,40,0
10973,fac_10973,183,143,36,0,0
10974,fac_10974,48,0,9,0,0
10977,fac_10977,2303,1161,460,460,0
10980,fac_10980,349,107,69,69,0
10983,fac_10983,246,0,49,49,0
10984,fac_10984,143,0,28,0,0
10987,fac_10987,40,0,8,8,0
10989,fac_10989,261,114,52,52,0
10990,fac_10990,466,280,93,0,0
10992,fac_10992,360,227,72,72,0
10993,fac_10993,401,303,80,0,0
10994,fac_10994,825,149,165,37,0
10998,fac_10998,43,43,8,0,0
11001,fac_11001,537,188,107,107,0
11003,fac_11003,2415,209,483,481,0
11004,fac_11004,427,0,85,0,0
11010,fac_11010,282,0,56,0,0
11020,fac_11020,142,62,28,28,0
11021,fac_11021,202,202,40,40,0
11023,fac_11023,355,217,71,71,0
11024,fac_11024,552,302,110,110,0
11030,fac_11030,689,279,137,137,0
11040,fac_11040,1220,726,244,244,0
11042,fac_11042,282,282,56,0,0
11050,fac_11050,1928,956,385,330,0
11096,fac_11096,349,167,69,69,0
11101,fac_11101,1616,6,323,321,0
11102,fac_11102,1390,0,278,278,0
11103,fac_11103,524,0,104,104,0
11104,fac_11104,1229,0,245,245,0
11105,fac_11105,830,22,166,166,0
11106,fac_11106,1535,0,307,307,0
11109,fac_11109,89,0,17,0,0
11201,fac_11201,1957,0,391,391,0
11203,fac_11203,3405,0,500,500,0
11204,fac_11204,3192,0,500,500,0
11205,fac_11205,918,0,183,183,0
11206,fac_11206,3393,0,500,500,0
11207,fac_11207,6232,0,500,500,0
11208,fac_11208,5054,0,500,500,0
11209,fac_11209,1423,0,284,284,0
11210,fac_11210,2014,0,402,402,0
11211,fac_11211,2453,0,490,490,0
11212,fac_11212,5430,0,500,500,0
11213,fac_11213,2191,15,438,438,0
11214,fac_11214,2498,0,499,499,0
11215,fac_11215,3125,0,500,500,0
11216,fac_11216,1778,0,355,355,0
11217,fac_11217,1183,0,236,236,0
11218,fac_11218,3087,0,500,500,0
11219,fac_11219,2595,0,500,500,0
11220,fac_11220,2411,0,482,482,0
11221,fac_11221,3111,0,500,500,0
11222,fac_11222,672,0,134,134,0
11223,fac_11223,1448,0,289,289,0
11224,fac_11224,1165,0,233,233,0
11225,fac_11225,1993,0,398,398,0
11226,fac_11226,3099,0,500,500,0
11228,fac_11228,1293,0,258,258,0
11229,fac_11229,1840,0,368,368,0
11230,fac_11230,824,0,164,164,0
11231,fac_11231,1462,0,292,292,0
11232,fac_11232,1699,0,339,339,0
11233,fac_11233,3415,0,500,500,0
11234,fac_11234,2870,0,500,500,0
11235,fac_11235,1909,0,381,381,0
11236,fac_11236,4600,0,500,500,0
11237,fac_11237,1469,0,293,293,0
11238,fac_11238,2010,0,402,402,0
11239,fac_11239,802,0,160,160,0
11354,fac_11354,1253,0,250,250,0
11355,fac_11355,3453,0,500,500,0
11356,fac_11356,882,0,176,176,0
11357,fac_11357,1087,0,217,217,0
11358,fac_11358,679,0,135,135,0
11360,fac_11360,485,0,97,97,0
11361,fac_11361,1501,0,300,300,0
11362,fac_11362,349,0,69,69,0
11363,fac_11363,226,15,45,45,0
11364,fac_11364,1330,0,266,266,0
11365,fac_11365,1326,0,265,265,0
11366,fac_11366,587,0,117,117,0
11367,fac_11367,2221,0,444,444,0
11368,fac_11368,3073,0,500,500,0
11369,fac_11369,1444,0,288,288,0
11370,fac_11370,454,0,90,90,0
11372,fac_11372,1767,16,353,353,0
11373,fac_11373,3358,0,500,500,0
11374,fac_11374,1851,0,370,370,0
11375,fac_11375,1377,0,275,275,0
11377,fac_11377,3046,0,500,500,0
11378,fac_11378,632,0,126,126,0
11379,fac_11379,1618,0,323,323,0
11385,fac_11385,2990,0,500,500,0
11411,fac_11411,745,0,149,147,0
11412,fac_11412,1674,0,334,334,0
11413,fac_11413,2309,0,461,461,0
11414,fac_11414,828,0,165,165,0
11415,fac_11415,63,0,12,0,0
11416,fac_11416,577,0,115,115,0
11417,fac_11417,838,0,167,167,0
11418,fac_11418,1610,0,322,322,0
11419,fac_11419,1090,0,218,218,0
11420,fac_11420,1895,0,379,379,0
11421,fac_11421,1310,0,262,262,0
11422,fac_11422,1198,0,239,239,0
11423,fac_11423,489,0,97,97,0
11426,fac_11426,711,0,142,142,0
11427,fac_11427,418,0,83,83,0
11428,fac_11428,545,0,109,109,0
11429,fac_11429,357,0,71,71,0
11432,fac_11432,1639,0,327,327,0
11433,fac_11433,2105,0,421,421,0
11434,fac_11434,3225,0,500,500,0
11435,fac_11435,1759,0,351,351,0
11436,fac_11436,256,0,51,51,0
11501,fac_11501,933,691,186,0,0
11507,fac_11507,213,0,42,0,0
11510,fac_11510,1563,349,312,312,0
11514,fac_11514,276,122,55,19,0
11516,fac_11516,156,140,31,0,0
11518,fac_11518,472,288,94,83,0
11520,fac_11520,2809,632,500,498,0
11530,fac_11530,671,251,134,134,0
11542,fac_11542,1453,689,290,247,0
11545,fac_11545,709,211,141,37,0
11548,fac_11548,263,223,52,0,0
11550,fac_11550,2762,443,500,500,0
11552,fac_11552,818,290,163,163,0
11553,fac_11553,1482,155,296,296,0
11554,fac_11554,962,406,192,192,0
11557,fac_11557,390,187,78,78,0
11558,fac_11558,272,57,54,54,0
11559,fac_11559,745,729,149,0,0
11560,fac_11560,117,57,23,0,0
11561,fac_11561,654,373,130,130,0
11563,fac_11563,1248,681,249,168,0
11565,fac_11565,323,174,64,64,0
11566,fac_11566,2088,997,417,417,0
11568,fac_11568,291,270,58,0,0
11570,fac_11570,653,516,130,130,0
11572,fac_11572,1147,796,229,98,0
11575,fac_11575,1386,304,277,277,0
11576,fac_11576,562,518,112,0,0
11577,fac_11577,667,441,133,0,0
11579,fac_11579,140,20,28,0,0
11580,fac_11580,1009,269,201,201,0
11581,fac_11581,562,156,112,112,0
11590,fac_11590,1753,476,350,350,0
11596,fac_11596,253,150,50,50,0
11598,fac_11598,392,299,78,78,0
11691,fac_11691,2880,0,500,500,0
11692,fac_11692,963,0,192,192,0
11693,fac_11693,328,0,65,65,0
11694,fac_11694,752,0,150,150,0
11701,fac_11701,675,291,135,135,0
11702,fac_11702,373,179,74,74,0
11703,fac_11703,1101,0,220,220,0
11704,fac_11704,972,183,194,194,0
11705,fac_11705,218,114,43,0,0
11706,fac_11706,2408,885,481,481,0
11709,fac_11709,52,0,10,0,0
11710,fac_11710,1257,579,251,251,0
11713,fac_11713,213,45,42,42,0
11714,fac_11714,798,338,159,159,0
11715,fac_11715,40,0,8,8,0
11716,fac_11716,720,305,144,119,0
11717,fac_11717,2366,581,473,473,0
11719,fac_11719,122,101,24,24,0
11720,fac_11720,483,116,96,96,0
11721,fac_11721,188,164,37,37,0
11722,fac_11722,862,43,172,172,0
11724,fac_11724,128,77,25,25,0
11725,fac_11725,1937,1272,387,0,0
11726,fac_11726,502,57,100,100,0
11727,fac_11727,614,374,122,122,0
11729,fac_11729,521,155,104,104,0
11730,fac_11730,95,95,19,0,0
11731,fac_11731,577,427,115,115,0
11733,fac_11733,696,656,139,0,0
11735,fac_11735,1076,662,215,215,0
11738,fac_11738,477,288,95,95,0
11740,fac_11740,272,163,54,0,0
11741,fac_11741,600,219,120,120,0
11742,fac_11742,481,223,96,96,0
11743,fac_11743,1758,1208,351,0,0
11746,fac_11746,2068,1407,413,413,0
11747,fac_11747,953,855,190,0,0
11749,fac_11749,246,107,49,13,0
11751,fac_11751,257,94,51,0,0
11752,fac_11752,458,381,91,0,0
11753,fac_11753,289,83,57,57,0
11754,fac_11754,540,322,108,108,0
11755,fac_11755,293,0,58,58,0
11756,fac_11756,1383,959,276,276,0
11757,fac_11757,1198,523,239,239,0
11758,fac_11758,1826,932,365,365,0
11762,fac_11762,434,0,86,86,0
11763,fac_11763,939,642,187,187,0
11764,fac_11764,558,321,111,0,0
11765,fac_11765,72,0,14,14,0
11766,fac_11766,317,241,63,63,0
11767,fac_11767,208,125,41,41,0
11768,fac_11768,910,562,182,0,0
11769,fac_11769,157,136,31,31,0
11771,fac_11771,220,66,44,44,0
11772,fac_11772,954,678,190,190,0
11776,fac_11776,178,74,35,35,0
11777,fac_11777,248,197,49,48,0
11778,fac_11778,305,117,61,61,0
11779,fac_11779,1776,1257,355,131,0
11780,fac_11780,172,39,34,34,0
11782,fac_11782,399,100,79,79,0
11783,fac_11783,601,347,120,120,0
11784,fac_11784,461,99,92,92,0
11786,fac_11786,173,91,34,34,0
11787,fac_11787,1462,765,292,175,0
11788,fac_11788,698,573,139,127,0
11790,fac_11790,296,280,59,0,0
11791,fac_11791,1488,1066,297,0,0
11792,fac_11792,267,143,53,53,0
11793,fac_11793,826,552,165,165,0
11795,fac_11795,706,556,141,141,0
11796,fac_11796,55,0,11,0,0
11797,fac_11797,825,770,165,0,0
11798,fac_11798,794,103,158,158,0
11801,fac_11801,1427,731,285,285,0
11803,fac_11803,1892,1425,378,0,0
11901,fac_11901,916,482,183,183,0
11933,fac_11933,125,0,25,0,0
11934,fac_11934,278,135,55,55,0
11935,fac_11935,78,38,15,0,0
11937,fac_11937,623,123,124,124,0
11940,fac_11940,151,0,30,0,0
11941,fac_11941,16,0,3,3,0
11946,fac_11946,113,44,22,0,0
11948,fac_11948,70,70,14,0,0
11949,fac_11949,129,121,25,25,0
11950,fac_11950,346,46,69,69,0
11951,fac_11951,187,107,37,37,0
11953,fac_11953,759,564,151,0,0
11954,fac_11954,59,59,11,11,0
11955,fac_11955,110,110,22,22,0
11961,fac_11961,98,0,19,19,0
11963,fac_11963,108,0,21,21,0
11967,fac_11967,515,116,103,103,0
11968,fac_11968,223,223,44,0,0
11971,fac_11971,172,132,34,34,0
11977,fac_11977,121,121,24,0,0
11978,fac_11978,247,175,49,0,0
11980,fac_11980,597,522,119,0,0
12009,fac_12009,88,0,17,17,0
12010,fac_12010,1069,611,213,209,0
12018,fac_12018,68,0,13,0,0
12019,fac_12019,244,0,48,48,0
12020,fac_12020,1335,798,267,0,0
12022,fac_12022,20,0,4,4,0
12027,fac_12027,133,104,26,26,0
12028,fac_12028,16,0,3,3,0
12033,fac_12033,327,177,65,34,0
12037,fac_12037,68,0,13,0,0
12043,fac_12043,317,206,63,0,0
12047,fac_12047,565,306,113,113,0
12051,fac_12051,52,22,10,0,0
12053,fac_12053,124,56,24,24,0
12054,fac_12054,690,239,138,138,0
12056,fac_12056,105,98,21,0,0
12057,fac_12057,16,0,3,3,0
12061,fac_12061,402,188,80,80,0
12065,fac_12065,2628,1587,500,37,0
12067,fac_12067,16,0,3,3,0
12068,fac_12068,192,0,38,38,0
12074,fac_12074,37,0,7,0,0
12077,fac_12077,172,89,34,34,0
12078,fac_12078,656,236,131,131,0
12083,fac_12083,139,36,27,27,0
12084,fac_12084,140,0,28,0,0
12085,fac_12085,74,54,14,0,0
12086,fac_12086,137,65,27,0,0
12090,fac_12090,76,76,15,15,0
12093,fac_12093,16,0,3,3,0
12095,fac_12095,506,168,101,101,0
12110,fac_12110,817,593,163,0,0
12116,fac_12116,8,0,1,1,0
12117,fac_12117,23,15,4,4,0
12118,fac_12118,376,122,75,75,0
12120,fac_12120,8,0,1,1,0
12122,fac_12122,164,40,32,32,0
12123,fac_12123,160,70,32,0,0
12134,fac_12134,80,0,16,0,0
12136,fac_12136,16,0,3,3,0
12137,fac_12137,8,0,1,0,0
12138,fac_12138,16,0,3,3,0
12140,fac_12140,52,0,10,10,0
12143,fac_12143,116,84,23,23,0
12144,fac_12144,534,294,106,106,0
12148,fac_12148,68,0,13,13,0
12149,fac_12149,40,0,8,8,0
12151,fac_12151,8,0,1,1,0
12154,fac_12154,68,0,13,13,0
12155,fac_12155,68,44,13,0,0
12157,fac_12157,247,131,49,44,0
12158,fac_12158,112,34,22,22,0
12159,fac_12159,118,118,23,23,0
12160,fac_12160,8,0,1,1,0
12167,fac_12167,16,0,3,3,0
12170,fac_12170,159,62,31,0,0
12180,fac_12180,1809,973,361,361,0
12182,fac_12182,626,228,125,125,0
12183,fac_12183,16,0,3,0,0
12184,fac_12184,230,92,46,46,0
12186,fac_12186,225,49,45,45,0
12187,fac_12187,16,0,3,3,0
12188,fac_12188,146,70,29,29,0
12189,fac_12189,538,254,107,107,0
12190,fac_12190,16,0,3,3,0
12196,fac_12196,91,27,18,18,0
12197,fac_12197,40,0,8,8,0
12198,fac_12198,87,63,17,17,0
12202,fac_12202,337,54,67,67,0
12203,fac_12203,1228,608,245,70,0
12204,fac_12204,30,0,6,0,0
12205,fac_12205,1202,516,240,240,0
12206,fac_12206,1054,449,210,0,0
12207,fac_12207,344,201,68,0,0
12208,fac_12208,1023,639,204,0,0
12209,fac_12209,568,205,113,113,0
12210,fac_12210,707,475,141,0,0
12211,fac_12211,331,179,66,66,0
12302,fac_12302,776,438,155,155,0
12303,fac_12303,956,435,191,191,0
12304,fac_12304,961,645,192,192,0
12305,fac_12305,236,193,47,0,0
12306,fac_12306,585,356,117,117,0
12307,fac_12307,284,0,56,0,0
12308,fac_12308,317,183,63,63,0
12309,fac_12309,1095,472,219,219,0
12401,fac_12401,898,522,179,179,0
12404,fac_12404,80,0,16,0,0
12405,fac_12405,8,0,1,1,0
12406,fac_12406,34,34,6,0,0
12413,fac_12413,86,58,17,0,0
12414,fac_12414,216,0,43,0,0
12419,fac_12419,8,0,1,1,0
12428,fac_12428,155,59,31,0,0
12431,fac_12431,8,0,1,1,0
12434,fac_12434,8,0,1,1,0
12443,fac_12443,178,119,35,2,0
12446,fac_12446,16,0,3,0,0
12449,fac_12449,243,103,48,0,0
12451,fac_12451,8,0,1,1,0
12455,fac_12455,8,0,1,1,0
12457,fac_12457,16,0,3,3,0
12461,fac_12461,16,0,3,3,0
12463,fac_12463,12,0,2,2,0
12464,fac_12464,27,16,5,0,0
12466,fac_12466,95,0,19,19,0
12477,fac_12477,564,319,112,95,0
12484,fac_12484,87,87,17,0,0
12485,fac_12485,29,29,5,2,0
12498,fac_12498,44,44,8,0,0
12501,fac_12501,143,26,28,6,0
12508,fac_12508,731,345,146,115,0
12518,fac_12518,116,36,23,23,0
12520,fac_12520,166,116,33,0,0
12521,fac_12521,18,18,3,0,0
12522,fac_12522,48,0,9,9,0
12524,fac_12524,490,128,98,98,0
12526,fac_12526,8,0,1,0,0
12528,fac_12528,374,225,74,74,0
12531,fac_12531,158,124,31,12,0
12533,fac_12533,830,637,166,166,0
12534,fac_12534,566,184,113,113,0
12538,fac_12538,461,274,92,61,0
12540,fac_12540,187,104,37,37,0
12542,fac_12542,167,109,33,33,0
12545,fac_12545,100,44,20,20,0
12546,fac_12546,29,29,5,5,0
12547,fac_12547,142,90,28,22,0
12549,fac_12549,558,366,111,0,0
12550,fac_12550,1289,741,257,257,0
12553,fac_12553,945,697,189,67,0
12561,fac_12561,378,222,75,75,0
12563,fac_12563,232,81,46,37,0
12564,fac_12564,142,123,28,0,0
12565,fac_12565,18,18,3,3,0
12566,fac_12566,148,63,29,0,0
12569,fac_12569,196,50,39,39,0
12570,fac_12570,72,0,14,0,0
12571,fac_12571,192,58,38,38,0
12572,fac_12572,217,102,43,0,0
12575,fac_12575,24,0,4,4,0
12577,fac_12577,16,0,3,3,0
12578,fac_12578,32,0,6,6,0
12580,fac_12580,24,0,4,0,0
12581,fac_12581,48,40,9,9,0
12582,fac_12582,64,0,12,12,0
12583,fac_12583,16,0,3,3,0
12585,fac_12585,16,0,3,3,0
12586,fac_12586,197,93,39,39,0
12589,fac_12589,288,20,57,57,0
12590,fac_12590,897,518,179,179,0
12594,fac_12594,251,214,50,0,0
12601,fac_12601,1466,924,293,289,0
12603,fac_12603,1281,605,256,256,0
12701,fac_12701,690,287,138,127,0
12719,fac_12719,15,15,3,3,0
12721,fac_12721,16,0,3,3,0
12723,fac_12723,8,0,1,1,0
12725,fac_12725,24,0,4,4,0
12726,fac_12726,8,0,1,0,0
12729,fac_12729,40,0,8,0,0
12732,fac_12732,8,0,1,1,0
12737,fac_12737,56,0,11,11,0
12738,fac_12738,8,0,1,0,0
12740,fac_12740,68,0,13,13,0
12742,fac_12742,98,98,19,0,0
12747,fac_12747,8,0,1,1,0
12748,fac_12748,8,0,1,1,0
12754,fac_12754,549,89,109,109,0
12758,fac_12758,149,149,29,19,0
12762,fac_12762,24,24,4,0,0
12764,fac_12764,8,0,1,1,0
12771,fac_12771,409,219,81,81,0
12775,fac_12775,41,32,8,8,0
12788,fac_12788,208,200,41,0,0
12789,fac_12789,16,0,3,3,0
12790,fac_12790,114,22,22,0,0
12791,fac_12791,32,0,6,6,0
12801,fac_12801,410,251,82,0,0
12803,fac_12803,322,0,64,64,0
12804,fac_12804,811,466,162,162,0
12809,fac_12809,32,0,6,0,0
12814,fac_12814,20,0,4,4,0
12816,fac_12816,84,40,16,16,0
12817,fac_12817,47,47,9,0,0
12821,fac_12821,8,0,1,1,0
12822,fac_12822,60,0,12,12,0
12828,fac_12828,288,202,57,25,0
12831,fac_12831,293,101,58,58,0
12832,fac_12832,72,0,14,0,0
12833,fac_12833,35,19,7,0,0
12834,fac_12834,84,0,16,0,0
12839,fac_12839,343,102,68,66,0
12842,fac_12842,16,0,3,3,0
12845,fac_12845,33,0,6,0,0
12846,fac_12846,60,20,12,12,0
12849,fac_12849,37,21,7,0,0
12865,fac_12865,24,0,4,0,0
12866,fac_12866,981,445,196,196,0
12870,fac_12870,30,0,6,6,0
12871,fac_12871,24,0,4,0,0
12883,fac_12883,111,79,22,0,0
12885,fac_12885,122,76,24,19,0
12887,fac_12887,71,39,14,14,0
12901,fac_12901,730,245,146,146,0
12903,fac_12903,181,181,36,0,0
12912,fac_12912,44,20,8,4,0
12913,fac_12913,60,32,12,0,0
12914,fac_12914,16,0,3,3,0
12916,fac_12916,64,20,12,12,0
12918,fac_12918,32,0,6,6,0
12919,fac_12919,49,17,9,9,0
12920,fac_12920,44,0,8,8,0
12921,fac_12921,97,15,19,0,0
12923,fac_12923,16,0,3,3,0
12926,fac_12926,32,0,6,0,0
12932,fac_12932,64,64,12,0,0
12934,fac_12934,8,0,1,0,0
12935,fac_12935,34,18,6,6,0
12936,fac_12936,16,0,3,3,0
12937,fac_12937,16,0,3,3,0
12941,fac_12941,16,0,3,3,0
12942,fac_12942,30,30,6,0,0
12943,fac_12943,8,0,1,1,0
12944,fac_12944,155,119,31,0,0
12946,fac_12946,201,24,40,40,0
12950,fac_12950,32,0,6,6,0
12953,fac_12953,343,163,68,68,0
12956,fac_12956,20,20,4,4,0
12958,fac_12958,32,0,6,6,0
12959,fac_12959,8,0,1,1,0
12960,fac_12960,16,0,3,3,0
12962,fac_12962,122,0,24,0,0
12972,fac_12972,88,0,17,17,0
12974,fac_12974,54,0,10,10,0
12979,fac_12979,136,78,27,15,0
12981,fac_12981,134,0,26,26,0
12983,fac_12983,201,90,40,0,0
12985,fac_12985,40,0,8,4,0
12986,fac_12986,128,56,25,25,0
12992,fac_12992,48,0,9,0,0
12993,fac_12993,92,40,18,0,0
12996,fac_12996,35,35,7,4,0
13021,fac_13021,1573,754,314,314,0
13027,fac_13027,859,288,171,171,0
13029,fac_13029,76,0,15,15,0
13030,fac_13030,16,0,3,0,0
13031,fac_13031,346,132,69,69,0
13032,fac_13032,222,101,44,44,0
13033,fac_13033,195,25,39,39,0
13035,fac_13035,236,146,47,23,0
13036,fac_13036,238,0,47,47,0
13037,fac_13037,163,33,32,32,0
13039,fac_13039,627,355,125,125,0
13041,fac_13041,302,168,60,0,0
13044,fac_13044,79,0,15,0,0
13045,fac_13045,944,532,188,188,0
13052,fac_13052,8,0,1,1,0
13053,fac_13053,186,170,37,37,0
13054,fac_13054,74,0,14,14,0
13057,fac_13057,655,279,131,91,0
13060,fac_13060,61,0,12,0,0
13063,fac_13063,56,0,11,11,0
13066,fac_13066,378,155,75,75,0
13068,fac_13068,129,0,25,25,0
13069,fac_13069,563,162,112,112,0
13071,fac_13071,16,0,3,3,0
13073,fac_13073,147,60,29,29,0
13074,fac_13074,40,0,8,0,0
13076,fac_13076,16,0,3,3,0
13077,fac_13077,116,0,23,0,0
13078,fac_13078,24,0,4,0,0
13080,fac_13080,24,0,4,0,0
13084,fac_13084,91,35,18,18,0
13088,fac_13088,848,393,169,169,0
13090,fac_13090,1159,296,231,231,0
13092,fac_13092,8,0,1,0,0
13101,fac_13101,64,0,12,12,0
13104,fac_13104,518,349,103,103,0
13108,fac_13108,149,53,29,29,0
13112,fac_13112,8,0,1,1,0
13114,fac_13114,97,0,19,19,0
13116,fac_13116,112,28,22,22,0
13118,fac_13118,84,37,16,16,0
13120,fac_13120,44,8,8,8,0
13126,fac_13126,629,257,125,125,0
13131,fac_13131,8,0,1,0,0
13132,fac_13132,8,0,1,1,0
13135,fac_13135,244,126,48,48,0
13142,fac_13142,56,0,11,0,0
13143,fac_13143,166,106,33,33,0
13145,fac_13145,66,0,13,13,0
13146,fac_13146,24,0,4,4,0
13148,fac_13148,235,117,47,44,0
13152,fac_13152,210,84,42,0,0
13155,fac_13155,10,0,2,2,0
13159,fac_13159,146,18,29,0,0
13160,fac_13160,26,0,5,5,0
13164,fac_13164,16,0,3,0,0
13165,fac_13165,218,84,43,43,0
13166,fac_13166,48,0,9,0,0
13167,fac_13167,20,20,4,4,0
13202,fac_13202,252,220,50,0,0
13203,fac_13203,527,260,105,103,0
13204,fac_13204,889,478,177,0,0
13205,fac_13205,592,153,118,118,0
13206,fac_13206,252,58,50,50,0
13207,fac_13207,417,153,83,0,0
13208,fac_13208,625,295,125,125,0
13209,fac_13209,233,75,46,46,0
13210,fac_13210,313,154,62,62,0
13211,fac_13211,76,36,15,0,0
13212,fac_13212,388,128,77,0,0
13214,fac_13214,378,209,75,75,0
13215,fac_13215,396,286,79,79,0
13219,fac_13219,242,178,48,48,0
13224,fac_13224,699,483,139,0,0
13303,fac_13303,8,0,1,1,0
13304,fac_13304,24,16,4,4,0
13309,fac_13309,32,0,6,0,0
13315,fac_13315,38,30,7,7,0
13316,fac_13316,66,42,13,0,0
13317,fac_13317,24,0,4,1,0
13318,fac_13318,8,0,1,1,0
13319,fac_13319,8,0,1,0,0
13323,fac_13323,288,162,57,57,0
13326,fac_13326,195,135,39,0,0
13327,fac_13327,8,0,1,0,0
13329,fac_13329,26,0,5,0,0
13332,fac_13332,8,0,1,1,0
13338,fac_13338,8,0,1,1,0
13339,fac_13339,80,0,16,0,0
13340,fac_13340,80,8,16,16,0
13343,fac_13343,16,16,3,3,0
13346,fac_13346,146,90,29,29,0
13348,fac_13348,8,0,1,1,0
13350,fac_13350,135,79,27,0,0
13355,fac_13355,16,0,3,0,0
13357,fac_13357,148,0,29,0,0
13365,fac_13365,184,45,36,0,0
13367,fac_13367,261,117,52,0,0
13368,fac_13368,38,30,7,7,0
13402,fac_13402,10,0,2,2,0
13403,fac_13403,136,80,27,27,0
13407,fac_13407,67,0,13,0,0
13408,fac_13408,89,66,17,0,0
13409,fac_13409,96,0,19,19,0
13411,fac_13411,81,17,16,16,0
13413,fac_13413,374,206,74,0,0
13416,fac_13416,16,0,3,3,0
13417,fac_13417,20,0,4,4,0
13420,fac_13420,41,30,8,0,0
13421,fac_13421,354,149,70,70,0
13424,fac_13424,274,96,54,0,0
13431,fac_13431,32,0,6,6,0
13439,fac_13439,15,15,3,0,0
13440,fac_13440,781,175,156,156,0
13441,fac_13441,84,84,16,0,0
13452,fac_13452,36,20,7,0,0
13456,fac_13456,16,0,3,0,0
13459,fac_13459,36,20,7,7,0
13460,fac_13460,56,0,11,0,0
13461,fac_13461,68,0,13,0,0
13469,fac_13469,16,0,3,3,0
13473,fac_13473,60,0,12,12,0
13478,fac_13478,88,0,17,17,0
13480,fac_13480,52,0,10,10,0
13490,fac_13490,94,94,18,0,0
13491,fac_13491,56,18,11,0,0
13492,fac_13492,246,106,49,49,0
13495,fac_13495,32,0,6,6,0
13501,fac_13501,1571,862,314,0,0
13502,fac_13502,486,209,97,97,0
13601,fac_13601,1987,650,397,397,0
13605,fac_13605,127,0,25,0,0
13606,fac_13606,77,17,15,15,0
13608,fac_13608,50,0,10,10,0
13612,fac_13612,36,0,7,7,0
13613,fac_13613,74,57,14,14,0
13616,fac_13616,84,0,16,16,0
13617,fac_13617,259,97,51,51,0
13619,fac_13619,463,89,92,92,0
13620,fac_13620,126,31,25,25,0
13622,fac_13622,8,0,1,1,0
13624,fac_13624,62,20,12,0,0
13625,fac_13625,198,0,39,39,0
13626,fac_13626,133,0,26,26,0
13630,fac_13630,240,0,48,18,0
13634,fac_13634,41,17,8,8,0
13637,fac_13637,187,34,37,37,0
13642,fac_13642,98,42,19,0,0
13646,fac_13646,16,0,3,3,0
13648,fac_13648,44,36,8,0,0
13652,fac_13652,333,0,66,66,0
13654,fac_13654,48,0,9,9,0
13655,fac_13655,113,113,22,22,0
13656,fac_13656,149,0,29,0,0
13658,fac_13658,24,0,4,4,0
13660,fac_13660,16,0,3,3,0
13662,fac_13662,227,149,45,45,0
13668,fac_13668,70,46,14,14,0
13669,fac_13669,255,17,51,51,0
13672,fac_13672,320,17,64,0,0
13673,fac_13673,144,0,28,0,0
13676,fac_13676,242,176,48,48,0
13685,fac_13685,20,0,4,4,0
13691,fac_13691,100,0,20,0,0
13694,fac_13694,8,0,1,1,0
13730,fac_13730,8,0,1,1,0
13732,fac_13732,126,24,25,25,0
13733,fac_13733,33,17,6,0,0
13739,fac_13739,8,0,1,1,0
13740,fac_13740,44,44,8,0,0
13743,fac_13743,38,8,7,7,0
13746,fac_13746,8,0,1,1,0
13750,fac_13750,24,0,4,4,0
13751,fac_13751,8,0,1,1,0
13753,fac_13753,139,89,27,25,0
13754,fac_13754,52,52,10,10,0
13757,fac_13757,8,0,1,1,0
13760,fac_13760,1258,686,251,251,0
13775,fac_13775,132,18,26,18,0
13776,fac_13776,40,0,8,0,0
13778,fac_13778,118,17,23,23,0
13782,fac_13782,16,0,3,3,0
13783,fac_13783,190,0,38,12,0
13787,fac_13787,63,31,12,12,0
13790,fac_13790,646,414,129,129,0
13795,fac_13795,16,0,3,3,0
13796,fac_13796,8,0,1,1,0
13802,fac_13802,20,0,4,4,0
13803,fac_13803,58,38,11,8,0
13807,fac_13807,8,0,1,1,0
13808,fac_13808,17,17,3,3,0
13810,fac_13810,16,0,3,3,0
13811,fac_13811,32,16,6,0,0
13812,fac_13812,48,32,9,3,0
13815,fac_13815,372,75,74,74,0
13820,fac_13820,496,434,99,0,0
13825,fac_13825,16,0,3,3,0
13827,fac_13827,242,174,48,48,0
13830,fac_13830,85,17,17,0,0
13838,fac_13838,287,234,57,0,0
13839,fac_13839,8,0,1,1,0
13842,fac_13842,8,0,1,1,0
13849,fac_13849,52,20,10,0,0
13850,fac_13850,963,537,192,181,0
13856,fac_13856,127,55,25,0,0
13862,fac_13862,191,118,38,0,0
13863,fac_13863,8,0,1,1,0
13864,fac_13864,8,0,1,1,0
13865,fac_13865,76,0,15,15,0
13901,fac_13901,473,248,94,94,0
13903,fac_13903,378,196,75,75,0
13904,fac_13904,112,16,22,0,0
13905,fac_13905,535,245,107,107,0
14001,fac_14001,162,142,32,23,0
14004,fac_14004,155,112,31,0,0
14005,fac_14005,55,0,11,0,0
14006,fac_14006,152,56,30,30,0
14009,fac_14009,122,122,24,0,0
14011,fac_14011,140,0,28,28,0
14012,fac_14012,8,0,1,0,0
14020,fac_14020,735,428,147,0,0
14024,fac_14024,8,0,1,1,0
14025,fac_14025,114,54,22,22,0
14031,fac_14031,123,47,24,0,0
14032,fac_14032,132,48,26,26,0
14036,fac_14036,59,11,11,0,0
14040,fac_14040,53,46,10,10,0
14042,fac_14042,39,39,7,0,0
14043,fac_14043,849,671,169,89,0
14047,fac_14047,178,148,35,35,0
14048,fac_14048,496,336,99,0,0
14051,fac_14051,384,216,76,76,0
14052,fac_14052,329,183,65,65,0
14057,fac_14057,107,68,21,0,0
14058,fac_14058,40,0,8,0,0
14059,fac_14059,339,168,67,67,0
14063,fac_14063,336,260,67,34,0
14066,fac_14066,70,0,14,14,0
14067,fac_14067,72,16,14,14,0
14068,fac_14068,590,412,118,0,0
14070,fac_14070,84,36,16,16,0
14072,fac_14072,841,544,168,168,0
14075,fac_14075,915,517,183,183,0
14080,fac_14080,107,65,21,21,0
14081,fac_14081,488,358,97,0,0
14082,fac_14082,8,0,1,1,0
14085,fac_14085,211,153,42,0,0
14086,fac_14086,740,502,148,148,0
14091,fac_14091,8,0,1,1,0
14092,fac_14092,177,136,35,35,0
14094,fac_14094,1403,726,280,280,0
14103,fac_14103,250,135,50,50,0
14105,fac_14105,8,0,1,1,0
14108,fac_14108,46,0,9,9,0
14111,fac_14111,16,0,3,3,0
14120,fac_14120,968,584,193,193,0
14127,fac_14127,1125,827,225,225,0
14131,fac_14131,210,150,42,0,0
14132,fac_14132,101,51,20,0,0
14136,fac_14136,16,0,3,0,0
14138,fac_14138,66,26,13,13,0
14141,fac_14141,465,402,93,0,0
14145,fac_14145,32,0,6,6,0
14150,fac_14150,1493,990,298,126,0
14171,fac_14171,40,20,8,8,0
14172,fac_14172,16,0,3,3,0
14174,fac_14174,214,164,42,26,0
14201,fac_14201,596,282,119,119,0
14202,fac_14202,253,75,50,21,0
14203,fac_14203,230,210,46,0,0
14204,fac_14204,410,76,82,82,0
14206,fac_14206,308,162,61,0,0
14207,fac_14207,830,369,166,0,0
14208,fac_14208,467,156,93,93,0
14209,fac_14209,770,490,154,0,0
14210,fac_14210,824,523,164,6,0
14211,fac_14211,544,142,108,104,0
14212,fac_14212,290,217,58,0,0
14213,fac_14213,478,176,95,95,0
14214,fac_14214,621,277,124,124,0
14215,fac_14215,1133,369,226,226,0
14216,fac_14216,338,195,67,67,0
14217,fac_14217,401,334,80,80,0
14218,fac_14218,636,432,127,127,0
14219,fac_14219,179,81,35,0,0
14220,fac_14220,407,268,81,77,0
14221,fac_14221,2314,1153,462,460,0
14222,fac_14222,201,201,40,40,0
14223,fac_14223,515,265,103,103,0
14224,fac_14224,763,594,152,152,0
14225,fac_14225,755,460,151,0,0
14226,fac_14226,1002,529,200,200,0
14227,fac_14227,421,339,84,0,0
14228,fac_14228,794,572,158,158,0
14301,fac_14301,388,170,77,77,0
14303,fac_14303,111,10,22,22,0
14304,fac_14304,867,451,173,173,0
14305,fac_14305,590,49,118,118,0
14411,fac_14411,140,88,28,25,0
14414,fac_14414,267,148,53,50,0
14416,fac_14416,80,36,16,16,0
14420,fac_14420,636,438,127,118,0
14423,fac_14423,116,44,23,0,0
14424,fac_14424,706,454,141,141,0
14425,fac_14425,244,129,48,48,0
14432,fac_14432,337,154,67,39,0
14433,fac_14433,69,53,13,13,0
14437,fac_14437,394,24,78,78,0
14445,fac_14445,286,0,57,57,0
14450,fac_14450,1388,627,277,277,0
14456,fac_14456,784,367,156,156,0
14464,fac_14464,55,28,11,0,0
14468,fac_14468,384,214,76,76,0
14470,fac_14470,135,80,27,27,0
14472,fac_14472,8,0,1,0,0
14476,fac_14476,116,16,23,23,0
14481,fac_14481,8,0,1,1,0
14486,fac_14486,8,0,1,1,0
14505,fac_14505,148,0,29,0,0
14510,fac_14510,310,290,62,0,0
14521,fac_14521,8,0,1,0,0
14525,fac_14525,91,0,18,18,0
14526,fac_14526,779,202,155,155,0
14532,fac_14532,215,56,43,42,0
14536,fac_14536,20,0,4,4,0
14541,fac_14541,8,0,1,0,0
14544,fac_14544,22,0,4,4,0
14546,fac_14546,69,0,13,13,0
14560,fac_14560,16,0,3,3,0
14564,fac_14564,822,474,164,88,0
14568,fac_14568,117,0,23,0,0
14569,fac_14569,120,48,24,24,0
14580,fac_14580,1056,712,211,211,0
14586,fac_14586,48,0,9,9,0
14589,fac_14589,110,84,22,22,0
14590,fac_14590,62,46,12,0,0
14608,fac_14608,764,420,152,64,0
14609,fac_14609,2136,717,427,427,0
14612,fac_14612,337,18,67,67,0
14617,fac_14617,670,326,134,134,0
14621,fac_14621,1906,383,381,381,0
14622,fac_14622,211,34,42,42,0
14623,fac_14623,1368,1119,273,0,0
14625,fac_14625,408,219,81,23,0
14717,fac_14717,24,0,4,4,0
14727,fac_14727,108,28,21,0,0
14731,fac_14731,84,35,16,7,0
14741,fac_14741,8,0,1,1,0
14747,fac_14747,15,0,3,0,0
14767,fac_14767,16,0,3,3,0
14770,fac_14770,70,15,14,14,0
14772,fac_14772,108,32,21,0,0
14805,fac_14805,8,0,1,1,0
14806,fac_14806,16,0,3,3,0
