zip,theta,pop_0_12,pop_0_5,slots_total,slots_u5,coverage_rhs,u5_rhs
10001,0.3333333333333333,2093.2,744.0,1530,496,697.7333333333332,496.0
10002,0.5,7106.8,2142.0,7229,1428,3553.4,1428.0
10003,0.3333333333333333,3045.8,1440.0,3594,960,1015.2666666666667,960.0
10004,0.3333333333333333,711.6,433.0,815,289,237.2,288.66666666666663
10005,0.3333333333333333,825.4,484.0,846,323,275.1333333333333,322.66666666666663
10006,0.3333333333333333,269.0,128.0,287,86,89.66666666666666,85.33333333333333
10007,0.3333333333333333,1230.0,605.0,1140,404,410.0,403.3333333333333
10009,0.3333333333333333,4655.0,1896.0,3940,1264,1551.6666666666665,1264.0
10010,0.3333333333333333,3582.8,1422.0,2280,948,1194.2666666666667,948.0
10011,0.3333333333333333,3227.4,1209.0,3147,806,1075.8,806.0
10012,0.3333333333333333,1018.2,613.0,928,409,339.4,408.66666666666663
10013,0.3333333333333333,3182.6,1249.0,2122,833,1060.8666666666666,832.6666666666666
10014,0.3333333333333333,1571.0,708.0,2253,472,523.6666666666666,472.0
10016,0.3333333333333333,3905.0,1798.0,3087,1199,1301.6666666666665,1198.6666666666665
10017,0.3333333333333333,509.2,193.0,528,129,169.73333333333332,128.66666666666666
10019,0.3333333333333333,2092.2,1099.0,2009,733,697.3999999999999,732.6666666666666
10021,0.3333333333333333,4337.4,1787.0,2752,1192,1445.7999999999997,1191.3333333333333
10022,0.3333333333333333,2802.6,1228.0,1719,819,934.1999999999999,818.6666666666666
10023,0.3333333333333333,7300.6,3548.0,5718,2366,2433.5333333333333,2365.333333333333
10024,0.3333333333333333,8854.0,4221.0,6691,2814,2951.333333333333,2814.0
10025,0.3333333333333333,10173.8,4499.0,7953,3000,3391.2666666666664,2999.333333333333
10026,0.3333333333333333,5481.2,2222.0,4447,1482,1827.0666666666666,1481.3333333333333
10027,0.3333333333333333,8854.8,3636.0,8258,2424,2951.5999999999995,2424.0
10028,0.3333333333333333,4898.4,1719.0,2517,1146,1632.7999999999997,1146.0
10029,0.5,9673.8,3965.0,8258,2644,4836.9,2643.333333333333
10030,0.5,4235.2,1872.0,3526,1248,2117.6,1248.0
10031,0.5,6585.4,2359.0,4492,1573,3292.7,1572.6666666666665
10032,0.5,5908.2,2238.0,5722,1492,2954.1,1492.0
10033,0.5,7244.6,3206.0,6693,2138,3622.3,2137.333333333333
10034,0.5,5804.8,2615.0,6126,1744,2902.4,1743.3333333333333
10035,0.5,5722.6,2382.0,4890,1588,2861.3,1588.0
10036,0.3333333333333333,1589.6,634.0,1423,423,529.8666666666666,422.66666666666663
10037,0.5,2566.0,1070.0,1903,714,1283.0,713.3333333333333
10038,0.3333333333333333,2127.6,772.0,1762,515,709.1999999999999,514.6666666666666
10039,0.5,4632.0,1898.0,3707,1266,2316.0,1265.3333333333333
10040,0.5,5650.0,1970.0,4794,1314,2825.0,1313.3333333333333
10044,0.3333333333333333,1756.8,939.0,1786,626,585.5999999999999,626.0
10065,0.3333333333333333,4100.2,2230.0,3614,1487,1366.7333333333331,1486.6666666666665
10069,0.3333333333333333,1285.8,690.0,1019,460,428.59999999999997,460.0
10075,0.3333333333333333,2520.6,1243.0,1882,829,840.1999999999999,828.6666666666666
10128,0.3333333333333333,5659.2,2791.0,4061,1861,1886.3999999999999,1860.6666666666665
10280,0.3333333333333333,630.2,318.0,1010,212,210.06666666666666,212.0
10282,0.3333333333333333,1338.0,418.0,834,279,446.0,278.66666666666663
10301,0.3333333333333333,6133.6,2780.0,5286,1854,2044.5333333333333,1853.3333333333333
10302,0.5,3324.0,1338.0,2492,892,1662.0,892.0
10303,0.5,4304.6,1262.0,3154,842,2152.3,841.3333333333333
10304,0.3333333333333333,6930.4,2234.0,4524,1490,2310.133333333333,1489.3333333333333
10305,0.3333333333333333,5261.8,1653.0,2943,1102,1753.9333333333334,1102.0
10306,0.3333333333333333,7927.799999999999,2606.0,3993,1738,2642.5999999999995,1737.3333333333333
10307,0.3333333333333333,2206.2,1098.0,1710,732,735.3999999999999,732.0
10308,0.3333333333333333,3888.6,1106.0,1836,738,1296.1999999999998,737.3333333333333
10309,0.3333333333333333,5375.6,1936.0,2856,1291,1791.8666666666668,1290.6666666666665
10310,0.3333333333333333,4759.4,2167.0,3901,1445,1586.4666666666665,1444.6666666666665
10312,0.3333333333333333,10087.0,3668.0,5868,2446,3362.333333333333,2445.333333333333
10314,0.3333333333333333,14464.4,5269.0,8384,3513,4821.466666666666,3512.6666666666665
10451,0.5,9238.6,3494.0,7487,2330,4619.3,2329.333333333333
10452,0.5,15441.4,5461.0,13900,3641,7720.7,3640.6666666666665
10453,0.5,15655.8,5476.0,13741,3651,7827.9,3650.6666666666665
10454,0.5,7936.6,2870.0,6563,1914,3968.3,1913.3333333333333
10455,0.5,8493.0,2507.0,5935,1672,4246.5,1671.3333333333333
10456,0.5,17022.0,6718.0,15786,4479,8511.0,4478.666666666666
10457,0.5,17266.4,6785.0,15159,4524,8633.2,4523.333333333333
10458,0.5,15615.8,5585.0,11657,3724,7807.9,3723.333333333333
10459,0.5,9861.6,3973.0,8918,2649,4930.8,2648.6666666666665
10460,0.5,10813.6,3983.0,9720,2656,5406.8,2655.333333333333
10461,0.5,7920.0,2750.0,4954,1834,3960.0,1833.3333333333333
10462,0.5,13363.4,5581.0,10425,3721,6681.7,3720.6666666666665
10463,0.3333333333333333,10689.4,4453.0,9749,2969,3563.133333333333,2968.6666666666665
10464,0.3333333333333333,518.6,75.0,236,50,172.86666666666667,50.0
10465,0.3333333333333333,7206.4,3268.0,5965,2179,2402.133333333333,2178.6666666666665
10466,0.5,11961.2,4393.0,8592,2929,5980.6,2928.6666666666665
10467,0.5,17084.4,6341.0,14320,4228,8542.2,4227.333333333333
10468,0.5,15651.8,6671.0,12808,4448,7825.9,4447.333333333333
10469,0.5,10980.6,4483.0,7978,2989,5490.3,2988.6666666666665
10470,0.5,2154.2,1311.0,2358,874,1077.1,874.0
10471,0.3333333333333333,2508.2,1015.0,1640,677,836.0666666666666,676.6666666666666
10472,0.5,12390.4,5321.0,10193,3548,6195.2,3547.333333333333
10473,0.5,9701.4,3742.0,8048,2495,4850.7,2494.6666666666665
10474,0.5,2601.4,1001.0,2332,668,1300.7,667.3333333333333
10475,0.5,6456.2,3115.0,5769,2077,3228.1,2076.6666666666665
10502,0.3333333333333333,1006.5999999999999,322.0,727,215,335.5333333333333,214.66666666666666
10504,0.3333333333333333,1472.4,521.0,847,547,490.8,347.3333333333333
10506,0.3333333333333333,1147.4,316.0,496,211,382.4666666666667,210.66666666666666
10507,0.3333333333333333,1062.0,425.0,464,284,354.0,283.3333333333333
10509,0.3333333333333333,2941.2,1103.0,1218,793,980.3999999999999,735.3333333333333
10510,0.3333333333333333,1430.2,375.0,844,378,476.73333333333335,250.0
10511,0.3333333333333333,302.2,119.0,286,80,100.73333333333332,79.33333333333333
10512,0.3333333333333333,2902.2,1127.0,1476,752,967.3999999999999,751.3333333333333
10514,0.3333333333333333,2422.2,732.0,902,488,807.3999999999999,488.0
10516,0.3333333333333333,716.8,283.0,295,189,238.9333333333333,188.66666666666666
10520,0.3333333333333333,1867.4,618.0,1016,544,622.4666666666667,412.0
10522,0.3333333333333333,1720.8,592.0,697,444,573.5999999999999,394.66666666666663
10523,0.3333333333333333,1580.4,684.0,879,456,526.8,456.0
10524,0.3333333333333333,506.6,131.0,219,88,168.86666666666667,87.33333333333333
10527,0.3333333333333333,71.4,15.0,76,64,23.8,10.0
10528,0.3333333333333333,2378.8,786.0,828,524,792.9333333333334,524.0
10530,0.3333333333333333,1746.2,867.0,1286,578,582.0666666666666,578.0
10532,0.3333333333333333,708.8,289.0,457,193,236.26666666666665,192.66666666666666
10533,0.3333333333333333,1726.4,538.0,688,359,575.4666666666667,358.66666666666663
10535,0.3333333333333333,10.6,7.0,120,5,3.533333333333333,4.666666666666666
10536,0.3333333333333333,1906.6,515.0,778,344,635.5333333333333,343.3333333333333
10538,0.3333333333333333,3813.6,1213.0,1346,809,1271.1999999999998,808.6666666666666
10541,0.3333333333333333,3816.4,1299.0,1349,866,1272.1333333333332,866.0
10543,0.3333333333333333,3708.8,1142.0,1440,762,1236.2666666666667,761.3333333333333
10547,0.3333333333333333,1005.5999999999999,370.0,980,497,335.19999999999993,246.66666666666666
10548,0.3333333333333333,599.8,303.0,545,202,199.9333333333333,202.0
10549,0.3333333333333333,2646.6,1395.0,1280,930,882.1999999999999,930.0
10550,0.5,6193.4,2127.0,3194,1418,3096.7,1418.0
10552,0.3333333333333333,2518.8,1033.0,1515,689,839.6,688.6666666666666
10553,0.5,1213.2,438.0,787,292,606.6,292.0
10560,0.3333333333333333,864.4,383.0,654,256,288.1333333333333,255.33333333333331
10562,0.3333333333333333,4094.6,1757.0,2684,1172,1364.8666666666666,1171.3333333333333
10566,0.3333333333333333,2885.8,1040.0,1434,694,961.9333333333334,693.3333333333333
10567,0.3333333333333333,2999.6,1135.0,1563,757,999.8666666666666,756.6666666666666
10570,0.3333333333333333,1911.4,659.0,879,440,637.1333333333333,439.3333333333333
10573,0.3333333333333333,5926.0,2248.0,3287,1499,1975.3333333333333,1498.6666666666665
10576,0.3333333333333333,459.4,98.0,248,66,153.13333333333333,65.33333333333333
10577,0.3333333333333333,376.8,212.0,438,336,125.6,141.33333333333331
10579,0.3333333333333333,918.0,199.0,372,133,306.0,132.66666666666666
10580,0.3333333333333333,3427.3999999999996,801.0,1292,534,1142.4666666666665,534.0
10583,0.3333333333333333,7642.4,2181.0,2631,1454,2547.4666666666662,1454.0
10588,0.3333333333333333,567.0,322.0,549,215,189.0,214.66666666666666
10589,0.3333333333333333,703.0,182.0,352,122,234.33333333333331,121.33333333333333
10590,0.3333333333333333,1040.6,324.0,394,216,346.8666666666666,216.0
10591,0.3333333333333333,3198.2,1364.0,2000,910,1066.0666666666666,909.3333333333333
10594,0.3333333333333333,951.6,359.0,538,240,317.2,239.33333333333331
10595,0.3333333333333333,788.6,356.0,888,605,262.8666666666667,237.33333333333331
10598,0.3333333333333333,4246.4,1277.0,1910,1049,1415.4666666666665,851.3333333333333
10601,0.3333333333333333,1014.6,330.0,340,229,338.2,220.0
10603,0.3333333333333333,3054.4,1155.0,1705,770,1018.1333333333333,770.0
10604,0.3333333333333333,2300.2,707.0,872,472,766.7333333333332,471.3333333333333
10605,0.3333333333333333,2616.6,979.0,2547,1454,872.1999999999999,652.6666666666666
10606,0.3333333333333333,2268.4,941.0,1107,628,756.1333333333333,627.3333333333333
10607,0.3333333333333333,818.5999999999999,334.0,414,223,272.8666666666666,222.66666666666666
10701,0.5,11620.8,4688.0,6756,3126,5810.4,3125.333333333333
10703,0.3333333333333333,3004.8,1232.0,2179,822,1001.6,821.3333333333333
10704,0.3333333333333333,4423.6,1875.0,2944,1250,1474.5333333333333,1250.0
10705,0.5,5959.0,1959.0,3500,1306,2979.5,1306.0
10706,0.3333333333333333,1279.2,407.0,756,322,426.4,271.3333333333333
10707,0.3333333333333333,1480.0,715.0,828,477,493.3333333333333,476.66666666666663
10708,0.3333333333333333,2903.2,1133.0,1531,756,967.7333333333332,755.3333333333333
10709,0.3333333333333333,1624.6,485.0,924,324,541.5333333333333,323.3333333333333
10710,0.3333333333333333,3319.6,1211.0,2308,808,1106.5333333333333,807.3333333333333
10801,0.3333333333333333,5582.6,1839.0,3365,1226,1860.8666666666668,1226.0
10803,0.3333333333333333,2705.8,656.0,992,559,901.9333333333334,437.3333333333333
10804,0.3333333333333333,2805.2,664.0,1458,650,935.0666666666666,442.66666666666663
10805,0.3333333333333333,2381.2,1144.0,1585,763,793.7333333333332,762.6666666666666
10901,0.3333333333333333,3968.2,1279.0,1967,853,1322.7333333333331,852.6666666666666
10913,0.3333333333333333,641.6,141.0,435,175,213.86666666666667,94.0
10916,0.3333333333333333,656.2,154.0,409,103,218.73333333333335,102.66666666666666
10917,0.3333333333333333,448.8,295.0,610,197,149.6,196.66666666666666
10918,0.3333333333333333,1808.0,767.0,999,512,602.6666666666666,511.3333333333333
10919,0.3333333333333333,101.4,23.0,120,16,33.8,15.333333333333332
10920,0.3333333333333333,1107.2,389.0,554,277,369.06666666666666,259.3333333333333
10921,0.3333333333333333,625.0,222.0,218,148,208.33333333333331,148.0
10923,0.3333333333333333,1806.2,844.0,1105,563,602.0666666666666,562.6666666666666
10924,0.3333333333333333,1925.4,730.0,722,487,641.8,486.66666666666663
10925,0.3333333333333333,534.6,160.0,282,107,178.2,106.66666666666666
10926,0.3333333333333333,604.8,250.0,448,167,201.59999999999997,166.66666666666666
10927,0.5,2267.2,1057.0,1542,705,1133.6,704.6666666666666
10928,0.3333333333333333,787.8,222.0,521,148,262.59999999999997,148.0
10930,0.3333333333333333,1310.4,323.0,510,216,436.8,215.33333333333331
10940,0.3333333333333333,8667.0,3426.0,4279,2284,2889.0,2284.0
10941,0.3333333333333333,1766.4,643.0,867,464,588.8,428.66666666666663
10950,0.3333333333333333,20702.0,8658.0,11255,5772,6900.666666666666,5772.0
10952,0.3333333333333333,16206.0,7131.0,9897,4754,5402.0,4754.0
10954,0.3333333333333333,3621.4,1444.0,2442,963,1207.1333333333332,962.6666666666666
10956,0.3333333333333333,4514.4,1619.0,1978,1080,1504.7999999999997,1079.3333333333333
10960,0.3333333333333333,1768.0,618.0,652,412,589.3333333333333,412.0
10962,0.3333333333333333,618.2,180.0,419,120,206.06666666666666,120.0
10963,0.3333333333333333,572.6,185.0,348,124,190.86666666666667,123.33333333333333
10964,0.3333333333333333,128.2,21.0,162,111,42.73333333333333,14.0
10965,0.3333333333333333,2806.6,984.0,1138,656,935.5333333333333,656.0
10968,0.3333333333333333,251.4,167.0,207,173,83.8,111.33333333333333
10970,0.3333333333333333,2331.8,1218.0,1641,812,777.2666666666667,812.0
10973,0.3333333333333333,383.6,33.0,219,143,127.86666666666667,22.0
10974,0.3333333333333333,455.4,208.0,457,139,151.79999999999998,138.66666666666666
10977,0.5,21802.8,8574.0,10963,5716,10901.4,5716.0
10980,0.3333333333333333,1914.4,771.0,1218,514,638.1333333333333,514.0
10983,0.3333333333333333,612.6,166.0,495,111,204.2,110.66666666666666
10984,0.3333333333333333,567.4,298.0,571,199,189.13333333333333,198.66666666666666
10987,0.3333333333333333,411.6,155.0,248,104,137.2,103.33333333333333
10989,0.3333333333333333,884.4,284.0,413,190,294.79999999999995,189.33333333333331
10990,0.3333333333333333,2512.0,714.0,959,476,837.3333333333333,476.0
10992,0.3333333333333333,1656.4,584.0,632,390,552.1333333333333,389.3333333333333
10993,0.5,325.6,73.0,481,303,162.8,48.666666666666664
10994,0.3333333333333333,783.0,279.0,990,186,261.0,186.0
10998,0.3333333333333333,641.6,258.0,451,172,213.86666666666667,172.0
11001,0.3333333333333333,3857.6,1121.0,1644,748,1285.8666666666666,747.3333333333333
11003,0.3333333333333333,6251.0,2672.0,5098,1782,2083.6666666666665,1781.3333333333333
11004,0.3333333333333333,1980.0,894.0,1712,596,660.0,596.0
11010,0.3333333333333333,3876.4,1458.0,2338,972,1292.1333333333332,972.0
11020,0.3333333333333333,768.2,182.0,270,122,256.06666666666666,121.33333333333333
11021,0.3333333333333333,2669.2,937.0,1042,625,889.7333333333332,624.6666666666666
11023,0.3333333333333333,2426.6,753.0,926,502,808.8666666666666,502.0
11024,0.3333333333333333,2195.2,855.0,1062,570,731.7333333333332,570.0
11030,0.3333333333333333,2867.6,718.0,1026,479,955.8666666666666,478.66666666666663
11040,0.3333333333333333,5498.2,1947.0,2264,1298,1832.7333333333331,1298.0
11042,0.3333333333333333,0.0,0.0,338,282,0.0,0.0
11050,0.3333333333333333,5795.2,1928.0,2313,1286,1931.7333333333331,1285.3333333333333
11096,0.5,2018.6,892.0,1218,595,1009.3,594.6666666666666
11101,0.3333333333333333,4114.4,2111.0,4139,1408,1371.4666666666665,1407.3333333333333
11102,0.3333333333333333,2768.0,1373.0,2968,916,922.6666666666666,915.3333333333333
11103,0.3333333333333333,3090.2,1502.0,2428,1002,1030.0666666666666,1001.3333333333333
11104,0.3333333333333333,3583.2,1769.0,3474,1180,1194.3999999999999,1179.3333333333333
11105,0.3333333333333333,4688.4,2103.0,3496,1402,1562.7999999999997,1402.0
11106,0.3333333333333333,4400.0,1948.0,3842,1299,1466.6666666666665,1298.6666666666665
11109,0.3333333333333333,1410.6,878.0,1306,586,470.19999999999993,585.3333333333333
11201,0.3333333333333333,9961.0,4950.0,8348,3300,3320.333333333333,3300.0
11203,0.5,10349.4,4037.0,8305,2692,5174.7,2691.333333333333
11204,0.5,18022.4,7209.0,12492,4806,9011.2,4806.0
11205,0.3333333333333333,11535.6,4751.0,7101,3168,3845.2,3167.333333333333
11206,0.5,17938.0,7202.0,12693,4802,8969.0,4801.333333333333
11207,0.5,16329.6,6376.0,14332,4251,8164.8,4250.666666666666
11208,0.5,20481.0,8276.0,15654,5518,10240.5,5517.333333333333
11209,0.3333333333333333,10035.8,4186.0,6907,2791,3345.2666666666664,2790.6666666666665
11210,0.3333333333333333,10397.4,3475.0,6416,2317,3465.7999999999997,2316.6666666666665
11211,0.3333333333333333,10546.6,4961.0,8643,3308,3515.5333333333333,3307.333333333333
11212,0.5,14647.0,5889.0,12830,3926,7323.5,3926.0
11213,0.5,11829.2,4835.0,8229,3224,5914.6,3223.333333333333
11214,0.5,13955.6,5230.0,8997,3487,6977.8,3486.6666666666665
11215,0.3333333333333333,12625.6,5712.0,10425,3808,4208.533333333333,3808.0
11216,0.3333333333333333,7416.8,3107.0,5733,2072,2472.2666666666664,2071.333333333333
11217,0.3333333333333333,6266.8,3694.0,5919,2463,2088.9333333333334,2462.6666666666665
11218,0.3333333333333333,13788.6,4931.0,9187,3288,4596.2,3287.333333333333
11219,0.5,27619.6,12125.0,18295,8084,13809.8,8083.333333333333
11220,0.5,17404.4,5782.0,9693,3855,8702.2,3854.6666666666665
11221,0.5,11557.4,4616.0,8811,3078,5778.7,3077.333333333333
11222,0.3333333333333333,4365.8,2443.0,3806,1629,1455.2666666666667,1628.6666666666665
11223,0.5,16007.8,6642.0,10137,4428,8003.9,4428.0
11224,0.5,6513.2,2274.0,3998,1516,3256.6,1516.0
11225,0.5,7122.2,3053.0,5691,2036,3561.1,2035.3333333333333
11226,0.5,13555.6,5566.0,10099,3711,6777.8,3710.6666666666665
11228,0.3333333333333333,5994.0,2279.0,4151,1520,1998.0,1519.3333333333333
11229,0.3333333333333333,13073.0,4778.0,7908,3186,4357.666666666666,3185.333333333333
11230,0.3333333333333333,18097.4,7918.0,11388,5279,6032.466666666667,5278.666666666666
11231,0.3333333333333333,7076.0,3167.0,5454,2112,2358.6666666666665,2111.333333333333
11232,0.5,4251.8,1542.0,3438,1028,2125.9,1028.0
11233,0.5,13216.4,5703.0,10715,3802,6608.2,3802.0
11234,0.3333333333333333,13235.6,4665.0,8670,3110,4411.866666666667,3110.0
11235,0.3333333333333333,10271.2,4313.0,7290,2876,3423.7333333333336,2875.333333333333
11236,0.5,15575.0,5712.0,11900,3808,7787.5,3808.0
11237,0.5,5070.4,2014.0,3862,1343,2535.2,1342.6666666666665
11238,0.3333333333333333,7954.6,4452.0,7612,2968,2651.5333333333333,2968.0
11239,0.5,1967.8,487.0,1362,325,983.9,324.66666666666663
11354,0.5,5448.4,2484.0,4403,1656,2724.2,1656.0
11355,0.5,9399.0,3814.0,8053,2543,4699.5,2542.6666666666665
11356,0.5,4472.8,2049.0,3458,1366,2236.4,1366.0
11357,0.3333333333333333,6225.4,2193.0,3804,1462,2075.133333333333,1462.0
11358,0.5,5074.2,2023.0,3314,1349,2537.1,1348.6666666666665
11360,0.3333333333333333,1936.4,859.0,1582,573,645.4666666666667,572.6666666666666
11361,0.3333333333333333,4063.0,1723.0,3501,1149,1354.3333333333333,1148.6666666666665
11362,0.3333333333333333,1861.0,626.0,1218,418,620.3333333333333,417.3333333333333
11363,0.3333333333333333,1169.0,334.0,671,223,389.66666666666663,222.66666666666666
11364,0.3333333333333333,5635.0,1901.0,3696,1268,1878.3333333333333,1267.3333333333333
11365,0.5,7162.6,2904.0,4991,1936,3581.3,1936.0
11366,0.3333333333333333,1878.4,832.0,1604,555,626.1333333333333,554.6666666666666
11367,0.5,8176.2,3814.0,6865,2543,4088.1,2542.6666666666665
11368,0.5,20047.2,7894.0,13173,5263,10023.6,5262.666666666666
11369,0.5,4201.6,1428.0,3132,952,2100.8,952.0
11370,0.5,3273.0,1279.0,2144,853,1636.5,852.6666666666666
11372,0.5,9683.8,3806.0,6520,2538,4841.9,2537.333333333333
11373,0.5,15212.8,5489.0,10258,3660,7606.4,3659.333333333333
11374,0.3333333333333333,6652.8,2728.0,5121,1819,2217.6,1818.6666666666665
11375,0.3333333333333333,10524.8,4351.0,6952,2901,3508.2666666666664,2900.6666666666665
11377,0.5,12312.0,5206.0,9546,3471,6156.0,3470.6666666666665
11378,0.3333333333333333,5793.4,2367.0,3758,1578,1931.1333333333332,1578.0
11379,0.3333333333333333,5242.6,1687.0,3641,1125,1747.5333333333333,1124.6666666666665
11385,0.5,15209.8,6027.0,10690,4018,7604.9,4018.0
11411,0.3333333333333333,2404.2,922.0,1894,615,801.3999999999999,614.6666666666666
11412,0.5,5360.6,2110.0,4208,1407,2680.3,1406.6666666666665
11413,0.5,6161.8,2123.0,4770,1416,3080.9,1415.3333333333333
11414,0.3333333333333333,5148.8,2164.0,3593,1443,1716.2666666666667,1442.6666666666665
11415,0.3333333333333333,2783.6,1176.0,1675,784,927.8666666666666,784.0
11416,0.5,4567.6,1734.0,2792,1156,2283.8,1156.0
11417,0.5,5509.0,2023.0,3405,1349,2754.5,1348.6666666666665
11418,0.5,5980.4,2366.0,4532,1578,2990.2,1577.3333333333333
11419,0.5,5627.2,1957.0,3508,1305,2813.6,1304.6666666666665
11420,0.5,6253.2,2487.0,4874,1658,3126.6,1658.0
11421,0.5,5913.0,2399.0,4372,1600,2956.5,1599.3333333333333
11422,0.5,4146.2,1301.0,2737,868,2073.1,867.3333333333333
11423,0.5,3709.6,1260.0,2186,840,1854.8,840.0
11426,0.3333333333333333,2610.2,1244.0,2253,830,870.0666666666666,829.3333333333333
11427,0.3333333333333333,3640.0,1840.0,2901,1227,1213.3333333333333,1226.6666666666665
11428,0.5,2205.4,975.0,1854,650,1102.7,650.0
11429,0.5,3178.4,1097.0,1828,732,1589.2,731.3333333333333
11432,0.5,9759.6,4178.0,6966,2786,4879.8,2785.333333333333
11433,0.5,6807.4,2837.0,5526,1892,3403.7,1891.3333333333333
11434,0.5,11099.4,4219.0,8525,2813,5549.7,2812.6666666666665
11435,0.5,10249.2,4837.0,7910,3225,5124.6,3224.6666666666665
11436,0.5,2979.4,912.0,1507,608,1489.7,608.0
11501,0.3333333333333333,2960.6,1036.0,1119,691,986.8666666666666,690.6666666666666
11507,0.3333333333333333,861.6,255.0,655,170,287.2,170.0
11510,0.3333333333333333,4620.0,1620.0,2775,1080,1540.0,1080.0
11514,0.3333333333333333,999.2,286.0,431,191,333.06666666666666,190.66666666666666
11516,0.3333333333333333,1613.6,430.0,587,287,537.8666666666666,286.66666666666663
11518,0.3333333333333333,1466.2,556.0,566,371,488.73333333333335,370.66666666666663
11520,0.5,6605.6,2396.0,4309,1598,3302.8,1597.3333333333333
11530,0.3333333333333333,4681.8,1348.0,2005,899,1560.6,898.6666666666666
11542,0.3333333333333333,3820.8,1403.0,1743,936,1273.6,935.3333333333333
11545,0.3333333333333333,1588.4,372.0,850,248,529.4666666666667,248.0
11548,0.3333333333333333,110.4,20.0,315,223,36.8,13.333333333333332
11550,0.5,10379.6,4015.0,6862,2677,5189.8,2676.6666666666665
11552,0.3333333333333333,4534.2,1522.0,2181,1015,1511.3999999999999,1014.6666666666666
11553,0.5,4699.6,2137.0,3778,1425,2349.8,1424.6666666666665
11554,0.3333333333333333,5528.2,2192.0,2954,1462,1842.7333333333331,1461.3333333333333
11557,0.3333333333333333,1343.2,448.0,568,299,447.73333333333335,298.66666666666663
11558,0.3333333333333333,1081.0,496.0,826,331,360.3333333333333,330.66666666666663
11559,0.3333333333333333,1673.6,597.0,894,729,557.8666666666666,398.0
11560,0.3333333333333333,1076.8,363.0,540,242,358.9333333333333,242.0
11561,0.3333333333333333,3916.6,1651.0,1984,1101,1305.5333333333333,1100.6666666666665
11563,0.3333333333333333,2970.4,1273.0,1497,849,990.1333333333333,848.6666666666666
11565,0.3333333333333333,1319.0,644.0,787,430,439.66666666666663,429.3333333333333
11566,0.3333333333333333,5714.0,2196.0,2605,1464,1904.6666666666665,1464.0
11568,0.3333333333333333,374.0,58.0,349,270,124.66666666666666,38.666666666666664
11570,0.3333333333333333,4360.8,1520.0,1583,1014,1453.6,1013.3333333333333
11572,0.3333333333333333,4195.2,1340.0,1476,894,1398.3999999999999,893.3333333333333
11575,0.5,3814.4,1720.0,2863,1147,1907.2,1146.6666666666665
11576,0.3333333333333333,1655.4,463.0,674,518,551.8,308.66666666666663
11577,0.3333333333333333,2052.4,437.0,800,441,684.1333333333333,291.3333333333333
11579,0.3333333333333333,1061.2,316.0,568,211,353.73333333333335,210.66666666666666
11580,0.3333333333333333,4537.2,1327.0,2110,885,1512.3999999999999,884.6666666666666
11581,0.3333333333333333,3886.3999999999996,1257.0,1874,838,1295.4666666666665,838.0
11590,0.3333333333333333,7591.2,3040.0,4603,2027,2530.3999999999996,2026.6666666666665
11596,0.3333333333333333,1773.0,568.0,703,379,591.0,378.66666666666663
11598,0.3333333333333333,3588.2,1098.0,1270,732,1196.0666666666666,732.0
11691,0.5,15271.0,6048.0,10580,4032,7635.5,4032.0
11692,0.5,5152.8,1708.0,3155,1139,2576.4,1138.6666666666665
11693,0.3333333333333333,1864.1999999999998,681.0,1193,454,621.3999999999999,454.0
11694,0.3333333333333333,3630.4,1366.0,2502,911,1210.1333333333332,910.6666666666666
11701,0.3333333333333333,3622.8,1272.0,1710,848,1207.6,848.0
11702,0.3333333333333333,1761.8,791.0,1047,528,587.2666666666667,527.3333333333333
11703,0.3333333333333333,2710.4,831.0,2121,554,903.4666666666667,554.0
11704,0.3333333333333333,4938.0,1816.0,2866,1211,1646.0,1210.6666666666665
11705,0.3333333333333333,1109.6,402.0,661,268,369.8666666666666,268.0
11706,0.3333333333333333,11357.6,4057.0,5689,2705,3785.866666666667,2704.6666666666665
11709,0.3333333333333333,728.6,184.0,462,123,242.86666666666667,122.66666666666666
11710,0.3333333333333333,5701.2,1714.0,2308,1143,1900.3999999999999,1142.6666666666665
11713,0.3333333333333333,1119.0,445.0,755,297,373.0,296.66666666666663
11714,0.3333333333333333,3329.0,1199.0,1757,800,1109.6666666666665,799.3333333333333
11715,0.3333333333333333,529.4,122.0,248,82,176.46666666666664,81.33333333333333
11716,0.3333333333333333,1477.8,635.0,864,424,492.59999999999997,423.3333333333333
11717,0.5,10429.2,3967.0,6039,2645,5214.6,2644.6666666666665
11719,0.3333333333333333,533.0,190.0,246,127,177.66666666666666,126.66666666666666
11720,0.3333333333333333,4033.2,1594.0,2379,1063,1344.3999999999999,1062.6666666666665
11721,0.3333333333333333,739.6,331.0,325,221,246.53333333333333,220.66666666666666
11722,0.5,6037.0,2433.0,3934,1622,3018.5,1622.0
11724,0.3333333333333333,625.8,241.0,353,161,208.59999999999997,160.66666666666666
11725,0.3333333333333333,4074.8,1462.0,2324,1272,1358.2666666666667,974.6666666666666
11726,0.5,3766.0,1616.0,2602,1078,1883.0,1077.3333333333333
11727,0.3333333333333333,4289.4,1772.0,2136,1182,1429.7999999999997,1181.3333333333333
11729,0.3333333333333333,3340.8,1226.0,1825,818,1113.6,817.3333333333333
11730,0.3333333333333333,1838.4,687.0,914,458,612.8,458.0
11731,0.3333333333333333,4776.4,1908.0,2292,1272,1592.1333333333332,1272.0
11733,0.3333333333333333,2491.6,763.0,835,656,830.5333333333333,508.66666666666663
11735,0.3333333333333333,4010.2,1526.0,1691,1018,1336.7333333333331,1017.3333333333333
11738,0.3333333333333333,3284.4,1466.0,1772,978,1094.8,977.3333333333333
11740,0.3333333333333333,1654.2,478.0,726,319,551.4,318.66666666666663
11741,0.3333333333333333,4270.8,1605.0,2320,1070,1423.6,1070.0
11742,0.3333333333333333,2065.6,828.0,1077,552,688.5333333333333,552.0
11743,0.3333333333333333,5412.0,1502.0,2109,1208,1804.0,1001.3333333333333
11746,0.3333333333333333,10043.8,3390.0,3381,2260,3347.933333333333,2260.0
11747,0.3333333333333333,2607.2,931.0,1143,855,869.0666666666666,620.6666666666666
11749,0.3333333333333333,510.4,179.0,295,120,170.13333333333333,119.33333333333333
11751,0.3333333333333333,1643.8,677.0,1108,452,547.9333333333333,451.3333333333333
11752,0.3333333333333333,1289.4,365.0,549,381,429.8,243.33333333333331
11753,0.3333333333333333,2249.6,594.0,946,396,749.8666666666666,396.0
11754,0.3333333333333333,2677.0,1023.0,1248,682,892.3333333333333,682.0
11755,0.3333333333333333,1849.0,462.0,851,308,616.3333333333333,308.0
11756,0.3333333333333333,5331.6,2355.0,2459,1570,1777.2,1570.0
11757,0.3333333333333333,6096.4,2375.0,3137,1584,2032.1333333333332,1583.3333333333333
11758,0.3333333333333333,7185.8,2967.0,3591,1978,2395.2666666666664,1978.0
11762,0.3333333333333333,3247.4,1328.0,2120,886,1082.4666666666667,885.3333333333333
11763,0.3333333333333333,4526.2,1316.0,1526,878,1508.7333333333331,877.3333333333333
11764,0.3333333333333333,1712.6,429.0,669,321,570.8666666666666,286.0
11765,0.3333333333333333,118.19999999999999,39.0,186,26,39.39999999999999,26.0
11766,0.3333333333333333,1718.0,478.0,580,319,572.6666666666666,318.66666666666663
11767,0.3333333333333333,2113.6,642.0,849,428,704.5333333333333,428.0
11768,0.3333333333333333,2551.6,829.0,1092,562,850.5333333333333,552.6666666666666
11769,0.3333333333333333,913.4,337.0,388,225,304.46666666666664,224.66666666666666
11771,0.3333333333333333,1604.2,881.0,1264,588,534.7333333333333,587.3333333333333
11772,0.3333333333333333,6220.0,2473.0,2744,1649,2073.333333333333,1648.6666666666665
11776,0.3333333333333333,3638.6,1148.0,1613,766,1212.8666666666666,765.3333333333333
11777,0.3333333333333333,1206.6,367.0,497,245,402.19999999999993,244.66666666666666
11778,0.3333333333333333,2159.6,887.0,1266,592,719.8666666666666,591.3333333333333
11779,0.3333333333333333,5557.0,2081.0,2131,1388,1852.3333333333333,1387.3333333333333
11780,0.3333333333333333,1954.4,549.0,806,366,651.4666666666667,366.0
11782,0.3333333333333333,2471.4,796.0,1278,531,823.8,530.6666666666666
11783,0.3333333333333333,2906.0,911.0,1121,608,968.6666666666666,607.3333333333333
11784,0.3333333333333333,4000.6,1677.0,2553,1118,1333.5333333333333,1118.0
11786,0.3333333333333333,1049.4,228.0,407,152,349.8,152.0
11787,0.3333333333333333,4277.0,1410.0,1754,940,1425.6666666666665,940.0
11788,0.3333333333333333,2322.2,1049.0,837,700,774.0666666666666,699.3333333333333
11790,0.3333333333333333,1782.6,682.0,755,455,594.1999999999999,454.66666666666663
11791,0.3333333333333333,4702.2,1063.0,1785,1066,1567.3999999999999,708.6666666666666
11792,0.3333333333333333,1176.8,411.0,520,274,392.26666666666665,274.0
11793,0.3333333333333333,4749.2,1568.0,1791,1046,1583.0666666666666,1045.3333333333333
11795,0.3333333333333333,3530.0,1409.0,1347,940,1176.6666666666665,939.3333333333333
11796,0.3333333333333333,533.8,214.0,466,143,177.9333333333333,142.66666666666666
11797,0.3333333333333333,1458.6,570.0,990,770,486.19999999999993,380.0
11798,0.5,3351.0,1116.0,1952,744,1675.5,744.0
11801,0.3333333333333333,5074.0,1580.0,1812,1054,1691.3333333333333,1053.3333333333333
11803,0.3333333333333333,4816.2,1406.0,2270,1425,1605.3999999999999,937.3333333333333
11901,0.5,4191.8,2260.0,2799,1507,2095.9,1506.6666666666665
11933,0.3333333333333333,776.4,273.0,550,182,258.79999999999995,182.0
11934,0.3333333333333333,1432.0,532.0,733,355,477.3333333333333,354.66666666666663
11935,0.3333333333333333,291.4,43.0,193,38,97.13333333333333,28.666666666666664
11937,0.3333333333333333,3099.2,1328.0,2047,886,1033.0666666666666,885.3333333333333
11940,0.3333333333333333,848.2,268.0,581,179,282.73333333333335,178.66666666666666
11941,0.3333333333333333,357.2,119.0,219,80,119.06666666666666,79.33333333333333
11946,0.3333333333333333,2191.2,940.0,1335,627,730.3999999999999,626.6666666666666
11948,0.3333333333333333,61.2,14.0,84,70,20.4,9.333333333333332
11949,0.3333333333333333,1568.0,575.0,654,384,522.6666666666666,383.3333333333333
11950,0.5,2894.4,1125.0,1715,750,1447.2,750.0
11951,0.5,2985.4,1224.0,1624,816,1492.7,816.0
11953,0.3333333333333333,1900.0,691.0,910,564,633.3333333333333,460.66666666666663
11954,0.3333333333333333,596.2,255.0,270,170,198.73333333333335,170.0
11955,0.3333333333333333,358.4,267.0,232,178,119.46666666666665,178.0
11961,0.3333333333333333,1533.1999999999998,416.0,717,278,511.0666666666666,277.3333333333333
11963,0.3333333333333333,1219.4,326.0,529,218,406.4666666666667,217.33333333333331
11967,0.3333333333333333,4108.4,1259.0,1918,840,1369.4666666666665,839.3333333333333
11968,0.3333333333333333,1699.6,536.0,667,358,566.5333333333333,357.3333333333333
11971,0.3333333333333333,1165.6,365.0,406,244,388.5333333333333,243.33333333333331
11977,0.3333333333333333,479.6,180.0,245,121,159.86666666666667,120.0
11978,0.3333333333333333,448.2,101.0,296,175,149.39999999999998,67.33333333333333
11980,0.3333333333333333,556.6,339.0,716,522,185.53333333333333,226.0
12009,0.3333333333333333,1229.8,420.0,705,280,409.9333333333333,280.0
12010,0.5,4308.4,1517.0,2182,1012,2154.2,1011.3333333333333
12018,0.3333333333333333,1107.2,477.0,881,318,369.06666666666666,318.0
12019,0.3333333333333333,2097.4,602.0,1092,402,699.1333333333333,401.3333333333333
12020,0.3333333333333333,4673.6,1087.0,1602,798,1557.8666666666668,724.6666666666666
12022,0.3333333333333333,193.6,48.0,124,32,64.53333333333333,32.0
12027,0.3333333333333333,666.2,247.0,259,165,222.06666666666666,164.66666666666666
12028,0.3333333333333333,221.0,56.0,119,38,73.66666666666666,37.33333333333333
12033,0.3333333333333333,903.4,316.0,392,211,301.1333333333333,210.66666666666666
12037,0.3333333333333333,524.0,228.0,481,152,174.66666666666666,152.0
12043,0.3333333333333333,822.8,255.0,380,206,274.26666666666665,170.0
12047,0.3333333333333333,3856.4,1174.0,1478,783,1285.4666666666667,782.6666666666666
12051,0.3333333333333333,571.2,262.0,462,175,190.4,174.66666666666666
12053,0.3333333333333333,515.4,125.0,248,84,171.79999999999998,83.33333333333333
12054,0.3333333333333333,2307.8,716.0,1228,478,769.2666666666667,477.3333333333333
12056,0.3333333333333333,223.6,62.0,126,98,74.53333333333333,41.33333333333333
12057,0.3333333333333333,244.6,133.0,219,89,81.53333333333333,88.66666666666666
12061,0.3333333333333333,1702.2,779.0,1082,520,567.4,519.3333333333333
12065,0.3333333333333333,6877.8,2435.0,3128,1624,2292.6,1623.3333333333333
12067,0.3333333333333333,223.0,52.0,119,35,74.33333333333333,34.666666666666664
12068,0.3333333333333333,386.6,63.0,330,42,128.86666666666667,42.0
12074,0.3333333333333333,417.2,197.0,444,132,139.06666666666666,131.33333333333331
12077,0.3333333333333333,1061.6,549.0,706,366,353.8666666666666,366.0
12078,0.5,3476.6,1200.0,1787,800,1738.3,800.0
12083,0.3333333333333333,667.2,167.0,266,112,222.4,111.33333333333333
12084,0.3333333333333333,832.0,287.0,568,192,277.3333333333333,191.33333333333331
12085,0.5,13.2,0.0,88,54,6.6,0.0
12086,0.3333333333333333,123.0,59.0,164,65,41.0,39.33333333333333
12090,0.3333333333333333,1124.8,454.0,591,303,374.9333333333333,302.66666666666663
12093,0.5,108.8,53.0,119,36,54.4,35.33333333333333
12095,0.5,1726.0,626.0,1007,418,863.0,417.3333333333333
12110,0.3333333333333333,2355.6,809.0,980,593,785.1999999999999,539.3333333333333
12116,0.3333333333333333,195.8,54.0,109,36,65.26666666666667,36.0
12117,0.3333333333333333,290.8,128.0,227,86,96.93333333333334,85.33333333333333
12118,0.3333333333333333,2274.0,994.0,1451,663,758.0,662.6666666666666
12120,0.3333333333333333,77.6,36.0,109,24,25.866666666666664,24.0
12122,0.3333333333333333,330.6,137.0,296,92,110.2,91.33333333333333
12123,0.3333333333333333,729.8,346.0,592,231,243.26666666666665,230.66666666666666
12134,0.3333333333333333,502.4,178.0,496,119,167.46666666666664,118.66666666666666
12136,0.3333333333333333,29.0,9.0,119,6,9.666666666666666,6.0
12137,0.3333333333333333,313.4,82.0,209,55,104.46666666666665,54.666666666666664
12138,0.3333333333333333,340.4,116.0,219,78,113.46666666666665,77.33333333333333
12140,0.3333333333333333,151.8,97.0,262,65,50.6,64.66666666666666
12143,0.3333333333333333,584.8,216.0,239,144,194.9333333333333,144.0
12144,0.3333333333333333,2954.2,1223.0,1540,816,984.7333333333332,815.3333333333333
12148,0.3333333333333333,487.2,161.0,281,108,162.39999999999998,107.33333333333333
12149,0.5,322.0,103.0,248,69,161.0,68.66666666666666
12151,0.3333333333333333,121.6,53.0,109,36,40.53333333333333,35.33333333333333
12154,0.3333333333333333,288.2,98.0,281,66,96.06666666666666,65.33333333333333
12155,0.5,200.2,19.0,181,44,100.1,12.666666666666666
12157,0.3333333333333333,711.2,262.0,296,175,237.06666666666666,174.66666666666666
12158,0.3333333333333333,852.2,228.0,334,152,284.06666666666666,152.0
12159,0.3333333333333333,900.2,316.0,341,211,300.06666666666666,210.66666666666666
12160,0.3333333333333333,108.2,63.0,109,42,36.06666666666666,42.0
12167,0.5,230.0,95.0,219,64,115.0,63.33333333333333
12170,0.3333333333333333,714.0,334.0,590,223,238.0,222.66666666666666
12180,0.3333333333333333,5869.2,2236.0,2570,1491,1956.3999999999999,1490.6666666666665
12182,0.5,2428.0,635.0,1251,424,1214.0,423.3333333333333
12183,0.5,399.6,246.0,419,164,199.8,164.0
12184,0.3333333333333333,1026.4,347.0,476,232,342.1333333333333,231.33333333333331
12186,0.3333333333333333,691.6,240.0,470,160,230.53333333333333,160.0
12187,0.3333333333333333,51.0,21.0,119,14,17.0,14.0
12188,0.3333333333333333,1458.6,465.0,675,310,486.19999999999993,310.0
12189,0.3333333333333333,2709.6,964.0,1245,643,903.1999999999999,642.6666666666666
12190,0.3333333333333333,85.6,41.0,119,28,28.53333333333333,27.333333333333332
12196,0.3333333333333333,836.6,162.0,309,108,278.8666666666667,108.0
12197,0.3333333333333333,178.4,75.0,148,50,59.46666666666667,50.0
12198,0.3333333333333333,839.5999999999999,236.0,304,158,279.8666666666666,157.33333333333331
12202,0.5,1377.6,798.0,1304,532,688.8,532.0
12203,0.3333333333333333,2637.4,1017.0,1473,678,879.1333333333333,678.0
12204,0.3333333333333333,1649.4,830.0,1236,554,549.8,553.3333333333333
12205,0.3333333333333333,3604.8,1306.0,1842,871,1201.6,870.6666666666666
12206,0.5,2216.2,446.0,1264,449,1108.1,297.3333333333333
12207,0.5,302.4,196.0,412,201,151.2,130.66666666666666
12208,0.3333333333333333,2096.6,930.0,1227,639,698.8666666666666,620.0
12209,0.5,1935.6,837.0,1181,558,967.8,558.0
12210,0.5,823.0,282.0,848,475,411.5,188.0
12211,0.3333333333333333,1738.8,798.0,997,532,579.5999999999999,532.0
12302,0.3333333333333333,4312.2,1486.0,1731,991,1437.3999999999999,990.6666666666666
12303,0.3333333333333333,4398.0,1262.0,1647,842,1466.0,841.3333333333333
12304,0.5,3355.4,1310.0,1753,874,1677.7,873.3333333333333
12305,0.5,404.6,245.0,283,193,202.3,163.33333333333331
12306,0.3333333333333333,4148.4,1809.0,2302,1206,1382.7999999999997,1206.0
12307,0.5,1526.8,553.0,1140,369,763.4,368.66666666666663
12308,0.5,1771.8,796.0,980,531,885.9,530.6666666666666
12309,0.3333333333333333,5834.6,2383.0,3114,1589,1944.8666666666668,1588.6666666666665
12401,0.3333333333333333,5411.4,2148.0,2677,1432,1803.7999999999997,1432.0
12404,0.3333333333333333,527.2,198.0,496,132,175.73333333333335,132.0
12405,0.5,22.4,17.0,109,12,11.2,11.333333333333332
12406,0.5,6.3999999999999995,1.0,40,34,3.1999999999999997,0.6666666666666666
12413,0.5,373.6,75.0,203,58,186.8,50.0
12414,0.3333333333333333,1000.6,561.0,1059,374,333.5333333333333,374.0
12419,0.3333333333333333,151.4,83.0,209,56,50.46666666666667,55.33333333333333
12428,0.5,793.0,153.0,586,102,396.5,102.0
12431,0.3333333333333333,262.4,107.0,209,72,87.46666666666665,71.33333333333333
12434,0.5,191.8,85.0,209,57,95.9,56.666666666666664
12443,0.3333333333333333,412.0,181.0,213,121,137.33333333333331,120.66666666666666
12446,0.3333333333333333,592.0,270.0,419,180,197.33333333333331,180.0
12449,0.3333333333333333,285.6,100.0,291,103,95.2,66.66666666666666
12451,0.3333333333333333,100.8,64.0,109,43,33.599999999999994,42.666666666666664
12455,0.3333333333333333,237.2,46.0,109,31,79.06666666666666,30.666666666666664
12457,0.3333333333333333,160.2,99.0,219,66,53.39999999999999,66.0
12461,0.3333333333333333,113.8,72.0,119,48,37.93333333333333,48.0
12463,0.3333333333333333,100.0,22.0,114,15,33.33333333333333,14.666666666666666
12464,0.3333333333333333,41.0,14.0,32,16,13.666666666666666,9.333333333333332
12466,0.3333333333333333,310.0,116.0,314,78,103.33333333333333,77.33333333333333
12477,0.3333333333333333,2200.4,695.0,776,464,733.4666666666667,463.3333333333333
12484,0.3333333333333333,496.2,127.0,204,87,165.39999999999998,84.66666666666666
12485,0.3333333333333333,243.39999999999998,46.0,134,31,81.13333333333333,30.666666666666664
12498,0.3333333333333333,351.2,66.0,152,44,117.06666666666666,44.0
12501,0.3333333333333333,266.0,48.0,171,32,88.66666666666666,32.0
12508,0.3333333333333333,2191.0,690.0,877,460,730.3333333333333,460.0
12518,0.3333333333333333,841.0,361.0,539,241,280.3333333333333,240.66666666666666
12520,0.3333333333333333,316.4,60.0,199,116,105.46666666666665,40.0
12521,0.3333333333333333,111.39999999999999,11.0,121,18,37.133333333333326,7.333333333333333
12522,0.3333333333333333,455.4,142.0,257,95,151.79999999999998,94.66666666666666
12524,0.3333333333333333,1886.8,615.0,988,410,628.9333333333333,410.0
12526,0.3333333333333333,233.0,83.0,209,56,77.66666666666666,55.33333333333333
12528,0.3333333333333333,1779.0,702.0,848,468,593.0,468.0
12531,0.3333333333333333,380.0,203.0,189,136,126.66666666666666,135.33333333333331
12533,0.3333333333333333,4582.6,1771.0,1796,1181,1527.5333333333333,1180.6666666666665
12534,0.3333333333333333,1845.6,676.0,1079,451,615.1999999999999,450.66666666666663
12538,0.3333333333333333,1382.6,502.0,553,335,460.8666666666666,334.66666666666663
12540,0.3333333333333333,1726.6,568.0,724,379,575.5333333333333,378.66666666666663
12542,0.3333333333333333,768.6,271.0,300,181,256.2,180.66666666666666
12545,0.3333333333333333,352.0,117.0,220,78,117.33333333333333,78.0
12546,0.3333333333333333,340.2,122.0,134,82,113.39999999999999,81.33333333333333
12547,0.3333333333333333,561.4,167.0,270,112,187.13333333333333,111.33333333333333
12549,0.3333333333333333,1929.0,420.0,669,366,643.0,280.0
12550,0.3333333333333333,8269.2,2830.0,3346,1887,2756.4,1886.6666666666665
12553,0.3333333333333333,3772.0,1145.0,1334,764,1257.3333333333333,763.3333333333333
12561,0.3333333333333333,1602.0,563.0,653,376,534.0,375.3333333333333
12563,0.3333333333333333,721.4,177.0,278,118,240.46666666666664,118.0
12564,0.3333333333333333,1190.6,342.0,570,228,396.8666666666666,228.0
12565,0.5,221.2,164.0,221,110,110.6,109.33333333333333
12566,0.3333333333333333,1753.8,630.0,977,420,584.5999999999999,420.0
12569,0.3333333333333333,1398.8,546.0,835,364,466.26666666666665,364.0
12570,0.3333333333333333,1123.4,509.0,886,340,374.4666666666667,339.3333333333333
12571,0.3333333333333333,1158.2,272.0,430,182,386.06666666666666,181.33333333333331
12572,0.3333333333333333,874.0,142.0,360,102,291.3333333333333,94.66666666666666
12575,0.3333333333333333,144.4,81.0,128,54,48.13333333333333,54.0
12577,0.3333333333333333,127.6,54.0,119,36,42.53333333333333,36.0
12578,0.3333333333333333,169.8,30.0,138,20,56.6,20.0
12580,0.3333333333333333,531.8,199.0,428,133,177.26666666666665,132.66666666666666
12581,0.3333333333333333,278.4,157.0,257,105,92.79999999999998,104.66666666666666
12582,0.3333333333333333,573.8,161.0,276,108,191.26666666666665,107.33333333333333
12583,0.3333333333333333,203.39999999999998,39.0,119,26,67.79999999999998,26.0
12585,0.3333333333333333,53.2,22.0,119,15,17.733333333333334,14.666666666666666
12586,0.3333333333333333,2215.8,879.0,1236,586,738.6,586.0
12589,0.3333333333333333,2672.2,1034.0,1645,690,890.7333333333332,689.3333333333333
12590,0.3333333333333333,3855.2,1286.0,1476,858,1285.0666666666666,857.3333333333333
12594,0.3333333333333333,256.79999999999995,58.0,301,214,85.59999999999998,38.666666666666664
12601,0.5,6048.2,2394.0,3059,1596,3024.1,1596.0
12603,0.3333333333333333,5514.4,2177.0,2737,1452,1838.1333333333332,1451.3333333333333
12701,0.5,1704.8,695.0,928,464,852.4,463.3333333333333
12719,0.3333333333333333,68.0,47.0,118,32,22.666666666666664,31.333333333333332
12721,0.3333333333333333,1616.8,742.0,1019,495,538.9333333333333,494.66666666666663
12723,0.3333333333333333,116.0,15.0,109,10,38.666666666666664,10.0
12725,0.3333333333333333,64.0,25.0,128,17,21.333333333333332,16.666666666666664
12726,0.3333333333333333,239.4,129.0,209,86,79.8,86.0
12729,0.5,281.4,174.0,448,116,140.7,116.0
12732,0.3333333333333333,67.8,19.0,109,13,22.599999999999998,12.666666666666666
12737,0.3333333333333333,244.6,91.0,167,61,81.53333333333333,60.666666666666664
12738,0.5,51.8,0.0,109,0,25.9,0.0
12740,0.3333333333333333,217.4,66.0,181,44,72.46666666666667,44.0
12742,0.5,0.0,0.0,117,98,0.0,0.0
12747,0.5,340.2,57.0,209,38,170.1,38.0
12748,0.3333333333333333,159.2,10.0,109,7,53.06666666666666,6.666666666666666
12754,0.5,1832.8,687.0,1258,458,916.4,458.0
12758,0.3333333333333333,590.8,252.0,278,168,196.9333333333333,168.0
12762,0.3333333333333333,13.799999999999999,0.0,28,24,4.6,0.0
12764,0.3333333333333333,185.2,42.0,109,28,61.73333333333333,28.0
12771,0.3333333333333333,1944.4,720.0,890,480,648.1333333333333,480.0
12775,0.3333333333333333,284.8,143.0,249,96,94.93333333333334,95.33333333333333
12788,0.3333333333333333,288.2,66.0,249,200,96.06666666666666,44.0
12789,0.5,369.0,142.0,219,95,184.5,94.66666666666666
12790,0.3333333333333333,552.6,233.0,536,156,184.2,155.33333333333331
12791,0.3333333333333333,125.2,13.0,138,9,41.733333333333334,8.666666666666666
12801,0.5,2200.4,793.0,1292,529,1100.2,528.6666666666666
12803,0.3333333333333333,1346.6,526.0,986,351,448.8666666666666,350.66666666666663
12804,0.3333333333333333,3383.6,1230.0,1373,820,1127.8666666666666,820.0
12809,0.3333333333333333,532.0,211.0,438,141,177.33333333333331,140.66666666666666
12814,0.3333333333333333,50.8,17.0,124,12,16.93333333333333,11.333333333333332
12816,0.3333333333333333,530.6,118.0,200,79,176.86666666666667,78.66666666666666
12817,0.3333333333333333,179.4,41.0,156,47,59.8,27.333333333333332
12821,0.5,33.4,6.0,109,4,16.7,4.0
12822,0.5,914.8,423.0,672,282,457.4,282.0
12828,0.5,1061.2,340.0,545,227,530.6,226.66666666666666
12831,0.3333333333333333,3108.6,1224.0,1751,816,1036.1999999999998,816.0
12832,0.5,864.2,255.0,486,170,432.1,170.0
12833,0.3333333333333333,761.4,311.0,442,208,253.79999999999998,207.33333333333331
12834,0.3333333333333333,830.6,281.0,500,188,276.8666666666667,187.33333333333331
12839,0.5,1760.2,461.0,911,308,880.1,307.3333333333333
12842,0.3333333333333333,67.4,26.0,119,18,22.46666666666667,17.333333333333332
12845,0.3333333333333333,503.4,210.0,439,140,167.79999999999998,140.0
12846,0.3333333333333333,316.4,71.0,172,48,105.46666666666665,47.33333333333333
12849,0.5,40.6,31.0,44,21,20.3,20.666666666666664
12865,0.5,470.0,202.0,428,135,235.0,134.66666666666666
12866,0.3333333333333333,3885.2,1247.0,1577,832,1295.0666666666666,831.3333333333333
12870,0.3333333333333333,192.2,45.0,136,30,64.06666666666666,30.0
12871,0.3333333333333333,570.6,184.0,428,123,190.2,122.66666666666666
12883,0.5,499.6,329.0,533,220,249.8,219.33333333333331
12885,0.5,646.0,142.0,346,95,323.0,94.66666666666666
12887,0.5,816.0,370.0,485,247,408.0,246.66666666666666
12901,0.5,3428.4,1288.0,1876,859,1714.2,858.6666666666666
12903,0.3333333333333333,242.39999999999998,69.0,217,181,80.79999999999998,46.0
12912,0.5,225.39999999999998,36.0,152,24,112.69999999999999,24.0
12913,0.3333333333333333,157.4,37.0,72,32,52.46666666666667,24.666666666666664
12914,0.5,120.4,41.0,119,28,60.2,27.333333333333332
12916,0.5,414.8,114.0,276,76,207.4,76.0
12918,0.3333333333333333,409.79999999999995,88.0,238,59,136.59999999999997,58.666666666666664
12919,0.5,320.2,174.0,258,116,160.1,116.0
12920,0.3333333333333333,378.4,142.0,252,95,126.13333333333333,94.66666666666666
12921,0.3333333333333333,598.6,298.0,516,199,199.53333333333333,198.66666666666666
12923,0.5,80.4,35.0,119,24,40.2,23.333333333333332
12926,0.5,399.2,200.0,438,134,199.6,133.33333333333331
12932,0.3333333333333333,100.8,25.0,76,64,33.599999999999994,16.666666666666664
12934,0.5,207.0,82.0,209,55,103.5,54.666666666666664
12935,0.5,196.39999999999998,51.0,140,34,98.19999999999999,34.0
12936,0.3333333333333333,64.2,12.0,119,8,21.4,8.0
12937,0.5,280.4,76.0,219,51,140.2,50.666666666666664
12941,0.3333333333333333,165.8,48.0,119,32,55.266666666666666,32.0
12942,0.3333333333333333,28.2,13.0,36,30,9.399999999999999,8.666666666666666
12943,0.3333333333333333,6.3999999999999995,1.0,9,1,2.133333333333333,0.6666666666666666
12944,0.5,521.8,133.0,286,119,260.9,88.66666666666666
12946,0.3333333333333333,649.4,140.0,341,94,216.46666666666664,93.33333333333333
12950,0.5,79.6,27.0,138,18,39.8,18.0
12953,0.5,1568.4,725.0,1011,484,784.2,483.3333333333333
12956,0.5,121.19999999999999,58.0,124,39,60.599999999999994,38.666666666666664
12958,0.5,247.2,42.0,138,28,123.6,28.0
12959,0.5,186.8,71.0,109,48,93.4,47.33333333333333
12960,0.3333333333333333,105.0,96.0,219,64,35.0,64.0
12962,0.3333333333333333,780.2,261.0,546,174,260.06666666666666,174.0
12972,0.3333333333333333,1147.2,426.0,705,284,382.4,284.0
12974,0.5,192.0,133.0,264,89,96.0,88.66666666666666
12979,0.3333333333333333,419.8,139.0,163,93,139.93333333333334,92.66666666666666
12981,0.3333333333333333,395.0,83.0,260,56,131.66666666666666,55.33333333333333
12983,0.3333333333333333,949.8,351.0,641,234,316.59999999999997,234.0
12985,0.5,79.8,5.0,48,4,39.9,3.333333333333333
12986,0.3333333333333333,614.4,144.0,253,96,204.79999999999998,96.0
12992,0.3333333333333333,460.2,222.0,457,148,153.39999999999998,148.0
12993,0.3333333333333333,158.6,42.0,110,40,52.86666666666666,28.0
12996,0.5,192.4,58.0,142,39,96.2,38.666666666666664
13021,0.3333333333333333,5152.0,2156.0,2687,1438,1717.3333333333333,1437.3333333333333
13027,0.3333333333333333,5762.6,1913.0,2730,1276,1920.8666666666668,1275.3333333333333
13029,0.3333333333333333,1542.6,602.0,891,402,514.1999999999999,401.3333333333333
13030,0.3333333333333333,761.2,190.0,419,127,253.73333333333335,126.66666666666666
13031,0.3333333333333333,2284.0,880.0,1215,587,761.3333333333333,586.6666666666666
13032,0.3333333333333333,1716.4,554.0,766,370,572.1333333333333,369.3333333333333
13033,0.3333333333333333,612.4,204.0,434,136,204.13333333333333,136.0
13035,0.3333333333333333,865.5999999999999,253.0,383,169,288.5333333333333,168.66666666666666
13036,0.3333333333333333,1326.6,486.0,885,324,442.19999999999993,324.0
13037,0.3333333333333333,1472.4,494.0,795,330,490.8,329.3333333333333
13039,0.3333333333333333,2590.6,982.0,1152,655,863.5333333333333,654.6666666666666
13041,0.3333333333333333,1975.6,517.0,762,345,658.5333333333333,344.66666666666663
13044,0.3333333333333333,488.0,228.0,494,152,162.66666666666666,152.0
13045,0.3333333333333333,3292.2,1262.0,1532,842,1097.3999999999999,841.3333333333333
13052,0.3333333333333333,273.6,108.0,209,72,91.2,72.0
13053,0.3333333333333333,610.6,321.0,323,214,203.53333333333333,214.0
13054,0.3333333333333333,214.39999999999998,31.0,188,21,71.46666666666665,20.666666666666664
13057,0.3333333333333333,1625.6,554.0,786,370,541.8666666666666,369.3333333333333
13060,0.3333333333333333,422.8,208.0,473,139,140.93333333333334,138.66666666666666
13063,0.3333333333333333,121.8,30.0,167,20,40.599999999999994,20.0
13066,0.3333333333333333,1898.8,850.0,1253,567,632.9333333333333,566.6666666666666
13068,0.3333333333333333,586.4,156.0,354,104,195.46666666666664,104.0
13069,0.5,3726.8,1510.0,2275,1007,1863.4,1006.6666666666666
13071,0.3333333333333333,157.2,71.0,119,48,52.39999999999999,47.33333333333333
13073,0.3333333333333333,1211.8,565.0,776,377,403.9333333333333,376.66666666666663
13074,0.5,644.4,205.0,448,137,322.2,136.66666666666666
13076,0.3333333333333333,402.6,86.0,219,58,134.2,57.33333333333333
13077,0.3333333333333333,799.4,218.0,539,146,266.46666666666664,145.33333333333331
13078,0.3333333333333333,1814.4,590.0,828,394,604.8,393.3333333333333
13080,0.3333333333333333,440.6,201.0,428,134,146.86666666666667,134.0
13084,0.3333333333333333,471.6,141.0,209,94,157.2,94.0
13088,0.3333333333333333,2487.2,888.0,1117,592,829.0666666666666,592.0
13090,0.3333333333333333,4435.6,1568.0,2590,1046,1478.5333333333333,1045.3333333333333
13092,0.3333333333333333,588.2,160.0,409,107,196.06666666666666,106.66666666666666
13101,0.5,521.8,115.0,276,77,260.9,76.66666666666666
13104,0.3333333333333333,2525.6,824.0,1021,550,841.8666666666666,549.3333333333333
13108,0.3333333333333333,671.6,160.0,278,107,223.86666666666667,106.66666666666666
13112,0.3333333333333333,340.2,90.0,209,60,113.39999999999999,60.0
13114,0.3333333333333333,1071.2,307.0,516,205,357.06666666666666,204.66666666666666
13116,0.3333333333333333,512.0,112.0,234,75,170.66666666666666,74.66666666666666
13118,0.3333333333333333,673.8,182.0,300,122,224.59999999999997,121.33333333333333
13120,0.5,276.6,126.0,252,84,138.3,84.0
13126,0.3333333333333333,4684.6,1576.0,2154,1051,1561.5333333333333,1050.6666666666665
13131,0.3333333333333333,419.2,168.0,409,112,139.73333333333332,112.0
13132,0.3333333333333333,391.8,126.0,209,84,130.6,84.0
13135,0.3333333333333333,1098.4,523.0,692,349,366.1333333333333,348.66666666666663
13142,0.3333333333333333,692.4,236.0,467,158,230.79999999999998,157.33333333333331
13143,0.5,541.8,209.0,299,140,270.9,139.33333333333331
13145,0.5,294.0,120.0,279,80,147.0,80.0
13146,0.5,368.2,135.0,228,90,184.1,90.0
13148,0.5,1414.6,511.0,782,341,707.3,340.66666666666663
13152,0.3333333333333333,1049.2,392.0,652,262,349.73333333333335,261.3333333333333
13155,0.5,72.4,22.0,112,15,36.2,14.666666666666666
13159,0.3333333333333333,699.8,250.0,575,167,233.26666666666665,166.66666666666666
13160,0.3333333333333333,378.4,105.0,231,70,126.13333333333333,70.0
13164,0.3333333333333333,612.0,206.0,419,138,204.0,137.33333333333331
13165,0.5,1333.2,594.0,861,396,666.6,396.0
13166,0.3333333333333333,722.2,240.0,457,160,240.73333333333335,160.0
13167,0.3333333333333333,394.4,127.0,224,85,131.46666666666664,84.66666666666666
13202,0.5,1229.4,574.0,702,383,614.7,382.66666666666663
13203,0.5,2132.6,745.0,1132,497,1066.3,496.66666666666663
13204,0.5,3974.6,1278.0,2066,852,1987.3,852.0
13205,0.5,3173.8,1276.0,1910,851,1586.9,850.6666666666666
13206,0.5,2628.4,1056.0,1502,704,1314.2,704.0
13207,0.5,2219.4,1127.0,1700,752,1109.7,751.3333333333333
13208,0.5,4941.0,1821.0,2550,1214,2470.5,1214.0
13209,0.5,1883.8,917.0,1279,612,941.9,611.3333333333333
13210,0.5,1716.4,926.0,1275,618,858.2,617.3333333333333
13211,0.5,918.2,306.0,491,204,459.1,204.0
13212,0.5,2409.4,791.0,1265,528,1204.7,527.3333333333333
13214,0.3333333333333333,1320.8,456.0,553,304,440.26666666666665,304.0
13215,0.3333333333333333,2016.0,762.0,875,508,672.0,508.0
13219,0.3333333333333333,2251.2,924.0,1090,616,750.3999999999999,616.0
13224,0.3333333333333333,1506.0,515.0,838,483,502.0,343.3333333333333
13303,0.3333333333333333,125.0,33.0,109,22,41.666666666666664,22.0
13304,0.3333333333333333,325.6,173.0,228,116,108.53333333333333,115.33333333333333
13309,0.3333333333333333,712.8,260.0,438,174,237.59999999999997,173.33333333333331
13315,0.3333333333333333,226.2,78.0,145,52,75.39999999999999,52.0
13316,0.5,842.2,296.0,479,198,421.1,197.33333333333331
13317,0.5,903.2,317.0,528,212,451.6,211.33333333333331
13318,0.5,151.6,67.0,109,45,75.8,44.666666666666664
13319,0.5,15.0,0.0,9,0,7.5,0.0
13323,0.3333333333333333,1015.5999999999999,356.0,445,238,338.5333333333333,237.33333333333331
13326,0.3333333333333333,344.8,110.0,234,135,114.93333333333334,73.33333333333333
13327,0.5,436.8,128.0,409,86,218.4,85.33333333333333
13329,0.5,521.6,156.0,431,104,260.8,104.0
13332,0.5,788.6,377.0,609,252,394.3,251.33333333333331
13338,0.5,179.2,20.0,109,14,89.6,13.333333333333332
13339,0.5,1157.6,497.0,896,332,578.8,331.3333333333333
13340,0.3333333333333333,1185.4,388.0,596,259,395.1333333333333,258.66666666666663
13343,0.3333333333333333,216.2,67.0,119,45,72.06666666666666,44.666666666666664
13346,0.3333333333333333,567.0,185.0,275,124,189.0,123.33333333333333
13348,0.3333333333333333,210.0,73.0,109,49,70.0,48.666666666666664
13350,0.5,848.4,285.0,562,190,424.2,190.0
13355,0.5,155.0,116.0,219,78,77.5,77.33333333333333
13357,0.5,1702.2,424.0,977,283,851.1,282.66666666666663
13365,0.5,1624.6,577.0,1020,385,812.3,384.66666666666663
13367,0.3333333333333333,1154.2,452.0,713,302,384.73333333333335,301.3333333333333
13368,0.5,190.8,93.0,145,62,95.4,62.0
13402,0.5,117.8,40.0,112,27,58.9,26.666666666666664
13403,0.3333333333333333,898.0,558.0,763,372,299.3333333333333,372.0
13407,0.5,655.2,217.0,480,145,327.6,144.66666666666666
13408,0.5,287.4,96.0,206,66,143.7,64.0
13409,0.5,179.2,50.0,215,34,89.6,33.33333333333333
13411,0.5,345.4,157.0,297,105,172.7,104.66666666666666
13413,0.3333333333333333,2005.1999999999998,508.0,848,339,668.3999999999999,338.66666666666663
13416,0.3333333333333333,359.6,138.0,219,92,119.86666666666667,92.0
13417,0.5,210.6,80.0,124,54,105.3,53.33333333333333
13420,0.3333333333333333,22.0,22.0,49,30,7.333333333333333,14.666666666666666
13421,0.5,1904.8,696.0,1024,464,952.4,464.0
13424,0.3333333333333333,288.2,132.0,328,96,96.06666666666666,88.0
13431,0.3333333333333333,285.6,95.0,238,64,95.2,63.33333333333333
13439,0.5,561.0,244.0,418,163,280.5,162.66666666666666
13440,0.5,6013.0,2211.0,3337,1474,3006.5,1474.0
13441,0.3333333333333333,0.0,0.0,100,84,0.0,0.0
13452,0.5,746.6,283.0,443,189,373.3,188.66666666666666
13456,0.3333333333333333,782.2,255.0,419,170,260.73333333333335,170.0
13459,0.5,338.2,108.0,243,72,169.1,72.0
13460,0.5,691.0,191.0,467,128,345.5,127.33333333333333
13461,0.3333333333333333,452.0,216.0,481,144,150.66666666666666,144.0
13469,0.3333333333333333,125.19999999999999,18.0,119,12,41.73333333333333,12.0
13473,0.3333333333333333,238.39999999999998,78.0,172,52,79.46666666666665,52.0
13478,0.3333333333333333,272.6,162.0,305,108,90.86666666666667,108.0
13480,0.3333333333333333,499.4,139.0,262,93,166.46666666666664,92.66666666666666
13490,0.3333333333333333,218.6,131.0,112,94,72.86666666666666,87.33333333333333
13491,0.3333333333333333,553.0,228.0,467,152,184.33333333333331,152.0
13492,0.3333333333333333,1547.4,501.0,695,334,515.8,334.0
13495,0.5,342.4,143.0,238,96,171.2,95.33333333333333
13501,0.5,7678.4,2668.0,3885,1779,3839.2,1778.6666666666665
13502,0.5,5440.2,2250.0,2983,1500,2720.1,1500.0
13601,0.5,6413.6,2615.0,3784,1744,3206.8,1743.3333333333333
13605,0.3333333333333333,1058.2,199.0,552,133,352.73333333333335,132.66666666666666
13606,0.3333333333333333,388.8,120.0,192,80,129.6,80.0
13608,0.5,277.6,117.0,260,78,138.8,78.0
13612,0.3333333333333333,337.0,94.0,243,63,112.33333333333333,62.666666666666664
13613,0.5,342.6,147.0,188,98,171.3,98.0
13616,0.5,127.0,53.0,200,36,63.5,35.33333333333333
13617,0.3333333333333333,1191.6,453.0,710,302,397.19999999999993,302.0
13619,0.5,1613.8,611.0,1055,408,806.9,407.3333333333333
13620,0.5,479.79999999999995,209.0,351,140,239.89999999999998,139.33333333333331
13622,0.3333333333333333,366.2,96.0,209,64,122.06666666666666,64.0
13624,0.3333333333333333,443.0,222.0,474,148,147.66666666666666,148.0
13625,0.3333333333333333,165.2,58.0,237,39,55.06666666666666,38.666666666666664
13626,0.3333333333333333,305.2,127.0,359,85,101.73333333333332,84.66666666666666
13630,0.5,158.39999999999998,27.0,288,18,79.19999999999999,18.0
13634,0.3333333333333333,620.4,157.0,249,105,206.79999999999998,104.66666666666666
13637,0.5,894.4,469.0,724,313,447.2,312.66666666666663
13642,0.5,1173.6,605.0,917,404,586.8,403.3333333333333
13646,0.5,327.8,100.0,219,67,163.9,66.66666666666666
13648,0.3333333333333333,245.0,50.0,152,36,81.66666666666666,33.33333333333333
13652,0.5,464.8,185.0,599,124,232.4,123.33333333333333
13654,0.5,432.0,140.0,257,94,216.0,93.33333333333333
13655,0.5,607.8,205.0,335,137,303.9,136.66666666666666
13656,0.5,786.8,242.0,578,162,393.4,161.33333333333331
13658,0.3333333333333333,324.2,81.0,128,54,108.06666666666666,54.0
13660,0.5,369.4,147.0,219,98,184.7,98.0
13662,0.5,2219.0,627.0,1172,418,1109.5,418.0
13668,0.3333333333333333,509.79999999999995,199.0,284,133,169.9333333333333,132.66666666666666
13669,0.3333333333333333,2650.6,811.0,1306,541,883.5333333333333,540.6666666666666
13672,0.5,45.8,6.0,384,17,22.9,4.0
13673,0.5,410.0,201.0,572,134,205.0,134.0
13676,0.3333333333333333,1795.4,673.0,790,449,598.4666666666667,448.66666666666663
13685,0.3333333333333333,221.8,68.0,124,46,73.93333333333334,45.33333333333333
13691,0.3333333333333333,496.0,206.0,520,138,165.33333333333331,137.33333333333331
13694,0.3333333333333333,184.6,86.0,209,58,61.53333333333333,57.33333333333333
13730,0.5,367.6,122.0,209,82,183.8,81.33333333333333
13732,0.3333333333333333,1080.2,386.0,651,258,360.06666666666666,257.3333333333333
13733,0.5,564.2,184.0,439,123,282.1,122.66666666666666
13739,0.5,51.8,24.0,109,16,25.9,16.0
13740,0.3333333333333333,69.0,11.0,52,44,23.0,7.333333333333333
13743,0.3333333333333333,347.6,93.0,145,62,115.86666666666667,62.0
13746,0.3333333333333333,232.6,73.0,109,49,77.53333333333333,48.666666666666664
13750,0.5,61.2,34.0,128,23,30.6,22.666666666666664
13751,0.5,98.0,58.0,109,39,49.0,38.666666666666664
13753,0.3333333333333333,514.2,171.0,266,114,171.4,114.0
13754,0.5,308.8,104.0,162,70,154.4,69.33333333333333
13757,0.3333333333333333,160.6,19.0,109,13,53.53333333333333,12.666666666666666
13760,0.3333333333333333,6269.6,2340.0,2809,1560,2089.866666666667,1560.0
13775,0.3333333333333333,157.2,53.0,158,36,52.39999999999999,35.33333333333333
13776,0.3333333333333333,31.6,0.0,48,0,10.533333333333333,0.0
13778,0.3333333333333333,891.6,375.0,641,250,297.2,250.0
13782,0.5,52.4,13.0,119,9,26.2,8.666666666666666
13783,0.5,209.6,18.0,228,12,104.8,12.0
13787,0.5,481.2,131.0,275,88,240.6,87.33333333333333
13790,0.5,2649.6,1065.0,1375,710,1324.8,710.0
13795,0.5,260.8,89.0,219,60,130.4,59.33333333333333
13796,0.5,127.0,64.0,109,43,63.5,42.666666666666664
13802,0.3333333333333333,147.6,39.0,124,26,49.199999999999996,26.0
13803,0.5,984.6,376.0,569,251,492.3,250.66666666666666
13807,0.3333333333333333,158.4,32.0,109,22,52.8,21.333333333333332
13808,0.3333333333333333,193.6,52.0,120,35,64.53333333333333,34.666666666666664
13810,0.3333333333333333,107.0,56.0,119,38,35.666666666666664,37.33333333333333
13811,0.3333333333333333,648.0,302.0,438,202,216.0,201.33333333333331
13812,0.5,290.0,52.0,157,35,145.0,34.666666666666664
13815,0.5,1703.0,667.0,1046,445,851.5,444.66666666666663
13820,0.3333333333333333,1716.4,564.0,595,434,572.1333333333333,376.0
13825,0.5,338.6,145.0,219,97,169.3,96.66666666666666
13827,0.3333333333333333,1632.4,589.0,690,393,544.1333333333333,392.66666666666663
13830,0.5,725.6,145.0,502,97,362.8,96.66666666666666
13838,0.5,679.0,254.0,344,234,339.5,169.33333333333331
13839,0.5,250.39999999999998,67.0,209,45,125.19999999999999,44.666666666666664
13842,0.5,9.8,1.0,9,1,4.9,0.6666666666666666
13849,0.5,445.4,220.0,462,147,222.7,146.66666666666666
13850,0.3333333333333333,3224.8,1076.0,1155,718,1074.9333333333334,717.3333333333333
13856,0.5,807.0,298.0,552,199,403.5,198.66666666666666
13862,0.5,522.6,87.0,329,118,261.3,58.0
13863,0.5,53.599999999999994,18.0,109,12,26.799999999999997,12.0
13864,0.5,144.4,118.0,209,79,72.2,78.66666666666666
13865,0.3333333333333333,789.8,387.0,591,258,263.26666666666665,258.0
13901,0.5,3083.4,1233.0,1567,822,1541.7,822.0
13903,0.3333333333333333,2501.8,924.0,1253,616,833.9333333333334,616.0
13904,0.5,1493.4,376.0,934,251,746.7,250.66666666666666
13905,0.5,2523.2,1118.0,1442,746,1261.6,745.3333333333333
14001,0.3333333333333333,1276.6,247.0,594,165,425.5333333333333,164.66666666666666
14004,0.3333333333333333,1733.4,715.0,986,477,577.8,476.66666666666663
14005,0.3333333333333333,310.8,101.0,266,68,103.6,67.33333333333333
14006,0.3333333333333333,1269.0,457.0,682,305,423.0,304.66666666666663
14009,0.5,727.4,278.0,546,186,363.7,185.33333333333331
14011,0.3333333333333333,895.4,392.0,668,262,298.46666666666664,261.3333333333333
14012,0.5,527.0,162.0,409,108,263.5,108.0
14020,0.5,2895.8,923.0,1482,616,1447.9,615.3333333333333
14024,0.3333333333333333,352.6,95.0,209,64,117.53333333333333,63.33333333333333
14025,0.3333333333333333,380.0,147.0,236,98,126.66666666666666,98.0
14031,0.3333333333333333,1142.8,179.0,547,120,380.9333333333333,119.33333333333333
14032,0.3333333333333333,1768.4,538.0,758,359,589.4666666666667,358.66666666666663
14036,0.3333333333333333,578.8,289.0,470,193,192.9333333333333,192.66666666666666
14040,0.3333333333333333,314.8,136.0,163,91,104.93333333333334,90.66666666666666
14042,0.5,686.8,263.0,446,176,343.4,175.33333333333331
14043,0.3333333333333333,3367.2,1139.0,1218,760,1122.3999999999999,759.3333333333333
14047,0.3333333333333333,644.0,282.0,313,188,214.66666666666666,188.0
14048,0.5,1808.0,767.0,995,512,904.0,511.3333333333333
14051,0.3333333333333333,3045.0,1083.0,1360,722,1015.0,722.0
14052,0.3333333333333333,2038.4,607.0,794,405,679.4666666666667,404.66666666666663
14057,0.3333333333333333,1047.4,373.0,528,249,349.1333333333333,248.66666666666666
14058,0.3333333333333333,628.8,258.0,448,172,209.59999999999997,172.0
14059,0.3333333333333333,1662.4,699.0,906,466,554.1333333333333,466.0
14063,0.3333333333333333,1230.2,440.0,503,294,410.06666666666666,293.3333333333333
14066,0.5,121.0,35.0,184,24,60.5,23.333333333333332
14067,0.3333333333333333,501.4,154.0,286,103,167.13333333333333,102.66666666666666
14068,0.3333333333333333,1318.8,421.0,708,412,439.59999999999997,280.66666666666663
14070,0.5,1180.6,469.0,700,313,590.3,312.66666666666663
14072,0.3333333333333333,2904.4,1195.0,1209,797,968.1333333333333,796.6666666666666
14075,0.3333333333333333,5526.2,1764.0,2098,1176,1842.0666666666666,1176.0
14080,0.3333333333333333,599.4,254.0,328,170,199.79999999999998,169.33333333333331
14081,0.5,385.0,88.0,585,358,192.5,58.666666666666664
14082,0.3333333333333333,145.0,17.0,109,12,48.33333333333333,11.333333333333332
14085,0.3333333333333333,1463.8,413.0,653,276,487.9333333333333,275.3333333333333
14086,0.3333333333333333,4817.0,1798.0,2088,1199,1605.6666666666665,1198.6666666666665
14091,0.5,320.2,102.0,209,68,160.1,68.0
14092,0.3333333333333333,917.4,319.0,312,213,305.79999999999995,212.66666666666666
14094,0.3333333333333333,7427.8,2635.0,3283,1757,2475.9333333333334,1756.6666666666665
14103,0.5,1641.4,593.0,900,396,820.7,395.3333333333333
14105,0.3333333333333333,868.8,362.0,509,242,289.59999999999997,241.33333333333331
14108,0.3333333333333333,998.6,456.0,655,304,332.8666666666667,304.0
14111,0.3333333333333333,433.0,117.0,219,78,144.33333333333331,78.0
14120,0.3333333333333333,5797.8,2510.0,2961,1674,1932.6,1673.3333333333333
14127,0.3333333333333333,4613.4,1666.0,1550,1111,1537.7999999999997,1110.6666666666665
14131,0.3333333333333333,603.6,206.0,252,150,201.2,137.33333333333331
14132,0.3333333333333333,1075.6,201.0,521,134,358.5333333333333,134.0
14136,0.5,602.0,234.0,419,156,301.0,156.0
14138,0.5,283.4,83.0,179,56,141.7,55.33333333333333
14141,0.3333333333333333,1204.2,397.0,558,402,401.4,264.66666666666663
14145,0.3333333333333333,152.8,106.0,238,71,50.93333333333334,70.66666666666666
14150,0.3333333333333333,4868.6,1674.0,1791,1116,1622.8666666666668,1116.0
14171,0.3333333333333333,175.6,75.0,148,50,58.53333333333333,50.0
14172,0.3333333333333333,403.2,126.0,219,84,134.39999999999998,84.0
14174,0.3333333333333333,802.0,285.0,356,190,267.3333333333333,190.0
14201,0.5,2157.8,759.0,1115,506,1078.9,506.0
14202,0.3333333333333333,381.8,143.0,303,96,127.26666666666667,95.33333333333333
14203,0.5,133.6,64.0,276,210,66.8,42.666666666666664
14204,0.5,1043.8,469.0,892,313,521.9,312.66666666666663
14206,0.5,3099.0,934.0,1569,623,1549.5,622.6666666666666
14207,0.5,5439.0,1603.0,2796,1069,2719.5,1068.6666666666665
14208,0.5,1446.8,701.0,1060,468,723.4,467.3333333333333
14209,0.3333333333333333,668.6,283.0,924,490,222.86666666666667,188.66666666666666
14210,0.5,2231.6,793.0,1188,529,1115.8,528.6666666666666
14211,0.5,5455.4,1872.0,2752,1248,2727.7,1248.0
14212,0.5,2797.0,1077.0,1548,718,1398.5,718.0
14213,0.5,4886.8,2037.0,2773,1358,2443.4,1358.0
14214,0.5,2985.8,1117.0,1545,745,1492.9,744.6666666666666
14215,0.5,7889.4,2993.0,4259,1996,3944.7,1995.3333333333333
14216,0.3333333333333333,3034.2,1632.0,2105,1088,1011.3999999999999,1088.0
14217,0.3333333333333333,2950.8,865.0,1081,577,983.6,576.6666666666666
14218,0.5,3489.0,1646.0,1963,1098,1744.5,1097.3333333333333
14219,0.5,1063.8,338.0,614,226,531.9,225.33333333333331
14220,0.5,3438.0,1346.0,1788,898,1719.0,897.3333333333333
14221,0.3333333333333333,7576.8,3113.0,3776,2076,2525.6,2075.333333333333
14222,0.3333333333333333,1562.4,928.0,1041,619,520.8,618.6666666666666
14223,0.3333333333333333,2772.6,1228.0,1618,819,924.1999999999999,818.6666666666666
14224,0.3333333333333333,4946.0,1953.0,2115,1302,1648.6666666666665,1302.0
14225,0.5,4507.0,1466.0,2306,978,2253.5,977.3333333333333
14226,0.3333333333333333,4333.0,1486.0,1802,991,1444.3333333333333,990.6666666666666
14227,0.5,2449.4,1058.0,1305,706,1224.7,705.3333333333333
14228,0.3333333333333333,3407.2,1235.0,1152,824,1135.7333333333331,823.3333333333333
14301,0.5,1574.6,665.0,865,444,787.3,443.3333333333333
14303,0.5,1399.4,483.0,733,322,699.7,322.0
14304,0.5,3858.6,1236.0,1940,824,1929.3,824.0
14305,0.5,2560.0,902.0,1608,602,1280.0,601.3333333333333
14411,0.5,1146.2,272.0,668,182,573.1,181.33333333333331
14414,0.3333333333333333,902.2,296.0,320,198,300.73333333333335,197.33333333333331
14416,0.3333333333333333,503.0,220.0,296,147,167.66666666666666,146.66666666666666
14420,0.3333333333333333,2446.6,909.0,863,606,815.5333333333333,606.0
14423,0.3333333333333333,733.2,276.0,539,184,244.4,184.0
14424,0.3333333333333333,3090.6,984.0,1047,656,1030.1999999999998,656.0
14425,0.3333333333333333,2438.4,905.0,1192,604,812.8,603.3333333333333
14432,0.3333333333333333,1087.2,289.0,404,193,362.4,192.66666666666666
14433,0.5,929.0,415.0,582,277,464.5,276.66666666666663
14437,0.5,993.2,302.0,672,202,496.6,201.33333333333331
14445,0.5,913.2,307.0,743,205,456.6,204.66666666666666
14450,0.3333333333333333,6507.4,2178.0,2865,1452,2169.133333333333,1452.0
14456,0.5,2668.0,1107.0,1440,738,1334.0,738.0
14464,0.5,965.4,516.0,866,344,482.7,344.0
14468,0.3333333333333333,2976.4,1019.0,1260,680,992.1333333333333,679.3333333333333
14470,0.5,1055.6,446.0,562,298,527.8,297.3333333333333
14472,0.3333333333333333,1563.8,560.0,809,374,521.2666666666667,373.3333333333333
14476,0.3333333333333333,459.2,161.0,339,108,153.06666666666666,107.33333333333333
14481,0.3333333333333333,255.39999999999998,67.0,109,45,85.13333333333333,44.666666666666664
14486,0.3333333333333333,33.2,14.0,109,10,11.066666666666666,9.333333333333332
14505,0.3333333333333333,734.6,204.0,577,136,244.86666666666667,136.0
14510,0.5,703.6,268.0,372,290,351.8,178.66666666666666
14521,0.5,528.8,211.0,409,141,264.4,140.66666666666666
14525,0.3333333333333333,391.2,148.0,309,99,130.39999999999998,98.66666666666666
14526,0.3333333333333333,3241.8,1296.0,2134,864,1080.6,864.0
14532,0.3333333333333333,751.4,290.0,458,194,250.46666666666664,193.33333333333331
14536,0.5,70.4,29.0,124,20,35.2,19.333333333333332
14541,0.3333333333333333,574.8,196.0,409,131,191.59999999999997,130.66666666666666
14544,0.3333333333333333,362.79999999999995,68.0,126,46,120.93333333333331,45.33333333333333
14546,0.3333333333333333,636.8,362.0,582,242,212.26666666666665,241.33333333333331
14560,0.3333333333333333,251.0,62.0,119,42,83.66666666666666,41.33333333333333
14564,0.3333333333333333,2460.0,842.0,986,562,820.0,561.3333333333333
14568,0.3333333333333333,787.0,213.0,540,142,262.3333333333333,142.0
14569,0.3333333333333333,579.0,189.0,344,126,193.0,126.0
14580,0.3333333333333333,7665.6,2378.0,2667,1586,2555.2,1585.3333333333333
14586,0.3333333333333333,1873.6,386.0,657,258,624.5333333333333,257.3333333333333
14589,0.3333333333333333,1268.8,562.0,732,375,422.9333333333333,374.66666666666663
14590,0.5,589.4,112.0,474,75,294.7,74.66666666666666
14608,0.5,1977.6,726.0,1016,484,988.8,484.0
14609,0.5,5980.2,2529.0,3763,1686,2990.1,1686.0
14612,0.3333333333333333,4675.8,1421.0,2204,948,1558.6,947.3333333333333
14617,0.3333333333333333,3200.2,941.0,1204,628,1066.7333333333331,627.3333333333333
14621,0.5,6519.8,2595.0,4287,1730,3259.9,1730.0
14622,0.3333333333333333,1708.2,688.0,1053,459,569.4,458.66666666666663
14623,0.5,2015.2,802.0,1641,1119,1007.6,534.6666666666666
14625,0.3333333333333333,1125.8,362.0,489,242,375.26666666666665,241.33333333333331
14717,0.5,37.6,16.0,128,11,18.8,10.666666666666666
14727,0.5,750.2,246.0,529,164,375.1,164.0
14731,0.3333333333333333,109.6,63.0,100,42,36.53333333333333,42.0
14741,0.3333333333333333,331.6,77.0,209,52,110.53333333333333,51.33333333333333
14747,0.5,353.6,156.0,418,104,176.8,104.0
14767,0.5,420.8,101.0,219,68,210.4,67.33333333333333
14770,0.5,467.79999999999995,137.0,284,92,233.89999999999998,91.33333333333333
14772,0.5,643.4,256.0,529,171,321.7,170.66666666666666
14805,0.5,64.4,31.0,109,21,32.2,20.666666666666664
14806,0.5,330.4,127.0,219,85,165.2,84.66666666666666
